leave_id,employee_id,start_date,end_date,type,status,days
L00001,E0001,2026-01-08,2026-01-08,vacation,approved,1
L00002,E0001,2026-01-21,2026-01-21,sick,approved,1
L00003,E0001,2026-02-12,2026-02-12,vacation,approved,1
L00004,E0001,2026-02-17,2026-02-17,sick,approved,1
L00005,E0001,2026-03-05,2026-03-05,vacation,approved,1
L00006,E0001,2026-04-09,2026-04-09,vacation,approved,1
L00007,E0001,2026-06-09,2026-06-09,vacation,approved,1
L00008,E0001,2026-07-16,2026-07-16,vacation,pending,1
L00009,E0002,2026-01-02,2026-01-02,vacation,approved,1
L00010,E0002,2026-01-19,2026-01-19,vacation,pending,1
L00011,E0002,2026-01-28,2026-01-28,vacation,pending,1
L00012,E0002,2026-03-20,2026-03-20,vacation,approved,1
L00013,E0002,2026-05-11,2026-05-11,vacation,pending,1
L00014,E0002,2026-06-10,2026-06-10,sick,approved,1
L00015,E0002,2026-08-05,2026-08-05,vacation,approved,1
L00016,E0003,2026-01-13,2026-01-13,vacation,approved,1
L00017,E0003,2026-03-05,2026-03-05,sick,approved,1
L00018,E0003,2026-04-08,2026-04-08,vacation,approved,1
L00019,E0003,2026-06-03,2026-06-03,vacation,approved,1
L00020,E0003,2026-06-19,2026-06-19,vacation,approved,1
L00021,E0003,2026-07-24,2026-07-24,vacation,approved,1
L00022,E0003,2026-07-28,2026-07-28,vacation,approved,1
L00023,E0004,2026-02-02,2026-02-02,vacation,approved,1
L00024,E0004,2026-02-05,2026-02-05,vacation,approved,1
L00025,E0004,2026-03-03,2026-03-03,vacation,approved,1
L00026,E0004,2026-03-12,2026-03-12,vacation,approved,1
L00027,E0004,2026-04-30,2026-04-30,vacation,approved,1
L00028,E0004,2026-07-13,2026-07-13,vacation,approved,1
L00029,E0004,2026-08-31,2026-08-31,sick,approved,1
L00030,E0005,2026-01-06,2026-01-06,vacation,approved,1
L00031,E0005,2026-01-21,2026-01-21,vacation,approved,1
L00032,E0005,2026-05-26,2026-05-26,sick,approved,1
L00033,E0005,2026-08-13,2026-08-13,vacation,approved,1
L00034,E0005,2026-08-24,2026-08-24,vacation,approved,1
L00035,E0005,2026-08-25,2026-08-25,vacation,approved,1
L00036,E0006,2026-02-25,2026-02-25,sick,approved,1
L00037,E0006,2026-03-26,2026-03-26,vacation,approved,1
L00038,E0006,2026-06-23,2026-06-23,vacation,approved,1
L00039,E0006,2026-07-15,2026-07-15,vacation,approved,1
L00040,E0006,2026-07-21,2026-07-21,vacation,pending,1
L00041,E0006,2026-08-05,2026-08-05,vacation,approved,1
L00042,E0007,2026-01-26,2026-01-26,vacation,approved,1
L00043,E0007,2026-02-06,2026-02-06,vacation,approved,1
L00044,E0007,2026-03-02,2026-03-02,vacation,approved,1
L00045,E0007,2026-04-08,2026-04-08,sick,approved,1
L00046,E0007,2026-05-13,2026-05-13,vacation,approved,1
L00047,E0007,2026-06-09,2026-06-09,sick,approved,1
L00048,E0007,2026-06-10,2026-06-10,vacation,approved,1
L00049,E0007,2026-07-09,2026-07-09,vacation,approved,1
L00050,E0008,2026-01-14,2026-01-14,vacation,approved,1
L00051,E0008,2026-01-23,2026-01-23,sick,approved,1
L00052,E0008,2026-02-02,2026-02-02,sick,approved,1
L00053,E0008,2026-02-05,2026-02-05,vacation,approved,1
L00054,E0008,2026-02-16,2026-02-16,vacation,approved,1
L00055,E0008,2026-04-28,2026-04-28,vacation,approved,1
L00056,E0008,2026-05-22,2026-05-22,vacation,approved,1
L00057,E0008,2026-06-18,2026-06-18,vacation,approved,1
L00058,E0008,2026-08-05,2026-08-05,vacation,approved,1
L00059,E0008,2026-08-21,2026-08-21,vacation,approved,1
L00060,E0009,2026-02-20,2026-02-20,vacation,approved,1
L00061,E0009,2026-03-02,2026-03-02,sick,approved,1
L00062,E0009,2026-04-20,2026-04-20,vacation,approved,1
L00063,E0009,2026-06-17,2026-06-17,vacation,approved,1
L00064,E0009,2026-06-23,2026-06-23,vacation,approved,1
L00065,E0009,2026-07-01,2026-07-01,vacation,approved,1
L00066,E0009,2026-08-04,2026-08-04,vacation,approved,1
L00067,E0010,2026-01-26,2026-01-26,vacation,approved,1
L00068,E0010,2026-03-16,2026-03-16,vacation,approved,1
L00069,E0010,2026-04-29,2026-04-29,vacation,approved,1
L00070,E0010,2026-05-05,2026-05-05,sick,pending,1
L00071,E0010,2026-05-08,2026-05-08,vacation,approved,1
L00072,E0010,2026-06-02,2026-06-02,vacation,approved,1
L00073,E0010,2026-06-12,2026-06-12,vacation,approved,1
L00074,E0010,2026-07-02,2026-07-02,sick,pending,1
L00075,E0010,2026-08-13,2026-08-13,vacation,approved,1
L00076,E0011,2026-01-23,2026-01-23,vacation,approved,1
L00077,E0011,2026-02-20,2026-02-20,vacation,approved,1
L00078,E0011,2026-03-16,2026-03-16,vacation,approved,1
L00079,E0011,2026-03-17,2026-03-17,vacation,approved,1
L00080,E0011,2026-05-05,2026-05-05,vacation,pending,1
L00081,E0011,2026-05-06,2026-05-06,vacation,pending,1
L00082,E0011,2026-07-24,2026-07-24,sick,approved,1
L00083,E0012,2026-02-04,2026-02-04,vacation,approved,1
L00084,E0012,2026-03-18,2026-03-18,vacation,approved,1
L00085,E0012,2026-04-10,2026-04-10,vacation,approved,1
L00086,E0012,2026-05-08,2026-05-08,vacation,pending,1
L00087,E0012,2026-07-08,2026-07-08,vacation,approved,1
L00088,E0012,2026-07-13,2026-07-13,vacation,approved,1
L00089,E0012,2026-07-27,2026-07-27,sick,approved,1
L00090,E0013,2026-02-02,2026-02-02,vacation,approved,1
L00091,E0013,2026-02-05,2026-02-05,vacation,approved,1
L00092,E0013,2026-02-23,2026-02-23,sick,approved,1
L00093,E0013,2026-03-24,2026-03-24,vacation,approved,1
L00094,E0013,2026-06-03,2026-06-03,vacation,approved,1
L00095,E0014,2026-02-03,2026-02-03,sick,approved,1
L00096,E0014,2026-02-26,2026-02-26,vacation,approved,1
L00097,E0014,2026-03-27,2026-03-27,vacation,approved,1
L00098,E0014,2026-08-03,2026-08-03,vacation,approved,1
L00099,E0015,2026-01-29,2026-01-29,vacation,approved,1
L00100,E0015,2026-02-23,2026-02-23,vacation,approved,1
L00101,E0015,2026-03-04,2026-03-04,vacation,approved,1
L00102,E0015,2026-03-17,2026-03-17,sick,approved,1
L00103,E0015,2026-05-21,2026-05-21,vacation,approved,1
L00104,E0015,2026-05-22,2026-05-22,vacation,approved,1
L00105,E0015,2026-06-17,2026-06-17,sick,approved,1
L00106,E0015,2026-08-12,2026-08-12,vacation,pending,1
L00107,E0015,2026-08-14,2026-08-14,vacation,approved,1
L00108,E0016,2026-02-03,2026-02-03,vacation,pending,1
L00109,E0016,2026-02-06,2026-02-06,sick,approved,1
L00110,E0016,2026-05-05,2026-05-05,vacation,approved,1
L00111,E0016,2026-06-05,2026-06-05,vacation,approved,1
L00112,E0016,2026-07-08,2026-07-08,vacation,approved,1
L00113,E0016,2026-08-06,2026-08-06,vacation,approved,1
L00114,E0017,2026-02-20,2026-02-20,vacation,approved,1
L00115,E0017,2026-03-10,2026-03-10,vacation,approved,1
L00116,E0017,2026-03-13,2026-03-13,sick,approved,1
L00117,E0017,2026-04-21,2026-04-21,sick,approved,1
L00118,E0017,2026-05-13,2026-05-13,vacation,approved,1
L00119,E0017,2026-05-29,2026-05-29,vacation,approved,1
L00120,E0017,2026-06-23,2026-06-23,vacation,pending,1
L00121,E0017,2026-08-10,2026-08-10,vacation,approved,1
L00122,E0017,2026-08-17,2026-08-17,vacation,pending,1
L00123,E0018,2026-04-01,2026-04-01,vacation,approved,1
L00124,E0018,2026-04-09,2026-04-09,vacation,approved,1
L00125,E0018,2026-05-22,2026-05-22,vacation,approved,1
L00126,E0018,2026-06-10,2026-06-10,vacation,approved,1
L00127,E0018,2026-07-21,2026-07-21,vacation,approved,1
L00128,E0018,2026-07-23,2026-07-23,vacation,approved,1
L00129,E0018,2026-08-18,2026-08-18,sick,approved,1
L00130,E0018,2026-08-19,2026-08-19,sick,pending,1
L00131,E0018,2026-08-21,2026-08-21,vacation,approved,1
L00132,E0019,2026-01-27,2026-01-27,vacation,pending,1
L00133,E0019,2026-02-16,2026-02-16,vacation,approved,1
L00134,E0019,2026-05-13,2026-05-13,vacation,approved,1
L00135,E0019,2026-07-15,2026-07-15,vacation,approved,1
L00136,E0019,2026-07-16,2026-07-16,sick,approved,1
L00137,E0020,2026-01-13,2026-01-13,sick,approved,1
L00138,E0020,2026-02-18,2026-02-18,vacation,approved,1
L00139,E0020,2026-03-20,2026-03-20,vacation,approved,1
L00140,E0020,2026-03-27,2026-03-27,vacation,pending,1
L00141,E0020,2026-04-13,2026-04-13,vacation,approved,1
L00142,E0021,2026-02-06,2026-02-06,vacation,approved,1
L00143,E0021,2026-02-12,2026-02-12,vacation,pending,1
L00144,E0021,2026-03-10,2026-03-10,vacation,approved,1
L00145,E0021,2026-03-30,2026-03-30,vacation,approved,1
L00146,E0021,2026-05-11,2026-05-11,sick,approved,1
L00147,E0021,2026-05-15,2026-05-15,vacation,pending,1
L00148,E0021,2026-07-02,2026-07-02,sick,approved,1
L00149,E0021,2026-07-31,2026-07-31,vacation,approved,1
L00150,E0021,2026-08-06,2026-08-06,vacation,approved,1
L00151,E0022,2026-02-06,2026-02-06,vacation,pending,1
L00152,E0022,2026-02-26,2026-02-26,vacation,approved,1
L00153,E0022,2026-04-08,2026-04-08,vacation,approved,1
L00154,E0022,2026-05-08,2026-05-08,vacation,approved,1
L00155,E0022,2026-05-18,2026-05-18,vacation,approved,1
L00156,E0022,2026-07-07,2026-07-07,vacation,approved,1
L00157,E0022,2026-07-09,2026-07-09,sick,approved,1
L00158,E0022,2026-07-30,2026-07-30,sick,approved,1
L00159,E0023,2026-03-05,2026-03-05,vacation,approved,1
L00160,E0023,2026-06-08,2026-06-08,vacation,approved,1
L00161,E0023,2026-07-24,2026-07-24,sick,approved,1
L00162,E0023,2026-08-12,2026-08-12,vacation,pending,1
L00163,E0023,2026-08-31,2026-08-31,vacation,approved,1
L00164,E0024,2026-01-02,2026-01-02,sick,approved,1
L00165,E0024,2026-02-26,2026-02-26,sick,approved,1
L00166,E0024,2026-03-12,2026-03-12,vacation,approved,1
L00167,E0024,2026-03-16,2026-03-16,vacation,approved,1
L00168,E0024,2026-03-30,2026-03-30,vacation,approved,1
L00169,E0024,2026-06-01,2026-06-01,vacation,approved,1
L00170,E0024,2026-06-17,2026-06-17,vacation,approved,1
L00171,E0024,2026-07-22,2026-07-22,vacation,approved,1
L00172,E0024,2026-08-19,2026-08-19,vacation,pending,1
L00173,E0025,2026-01-30,2026-01-30,vacation,approved,1
L00174,E0025,2026-02-11,2026-02-11,vacation,approved,1
L00175,E0025,2026-03-09,2026-03-09,vacation,pending,1
L00176,E0025,2026-04-09,2026-04-09,vacation,approved,1
L00177,E0025,2026-05-27,2026-05-27,sick,approved,1
L00178,E0025,2026-06-05,2026-06-05,vacation,approved,1
L00179,E0025,2026-07-09,2026-07-09,vacation,approved,1
L00180,E0025,2026-08-03,2026-08-03,sick,approved,1
L00181,E0025,2026-08-27,2026-08-27,vacation,approved,1
L00182,E0026,2026-03-30,2026-03-30,vacation,approved,1
L00183,E0026,2026-04-01,2026-04-01,sick,approved,1
L00184,E0026,2026-05-19,2026-05-19,vacation,approved,1
L00185,E0026,2026-07-10,2026-07-10,vacation,approved,1
L00186,E0026,2026-08-05,2026-08-05,vacation,pending,1
L00187,E0026,2026-08-10,2026-08-10,vacation,approved,1
L00188,E0027,2026-03-30,2026-03-30,sick,approved,1
L00189,E0027,2026-05-13,2026-05-13,vacation,approved,1
L00190,E0027,2026-06-02,2026-06-02,vacation,approved,1
L00191,E0027,2026-06-10,2026-06-10,vacation,pending,1
L00192,E0027,2026-08-06,2026-08-06,vacation,approved,1
L00193,E0028,2026-01-26,2026-01-26,sick,approved,1
L00194,E0028,2026-03-24,2026-03-24,vacation,approved,1
L00195,E0028,2026-04-30,2026-04-30,vacation,approved,1
L00196,E0029,2026-01-02,2026-01-02,sick,approved,1
L00197,E0029,2026-02-12,2026-02-12,vacation,pending,1
L00198,E0029,2026-04-09,2026-04-09,vacation,approved,1
L00199,E0029,2026-04-15,2026-04-15,vacation,approved,1
L00200,E0029,2026-04-23,2026-04-23,sick,approved,1
L00201,E0029,2026-05-06,2026-05-06,vacation,approved,1
L00202,E0029,2026-05-08,2026-05-08,vacation,approved,1
L00203,E0029,2026-07-07,2026-07-07,vacation,approved,1
L00204,E0029,2026-07-20,2026-07-20,vacation,approved,1
L00205,E0029,2026-07-22,2026-07-22,vacation,approved,1
L00206,E0030,2026-04-01,2026-04-01,sick,approved,1
L00207,E0030,2026-06-04,2026-06-04,vacation,approved,1
L00208,E0030,2026-08-03,2026-08-03,vacation,approved,1
L00209,E0030,2026-08-13,2026-08-13,vacation,approved,1
L00210,E0031,2026-04-09,2026-04-09,vacation,approved,1
L00211,E0031,2026-04-14,2026-04-14,vacation,approved,1
L00212,E0031,2026-04-27,2026-04-27,vacation,approved,1
L00213,E0031,2026-05-18,2026-05-18,sick,approved,1
L00214,E0031,2026-06-09,2026-06-09,vacation,approved,1
L00215,E0031,2026-07-30,2026-07-30,vacation,approved,1
L00216,E0032,2026-01-16,2026-01-16,vacation,approved,1
L00217,E0032,2026-02-02,2026-02-02,vacation,approved,1
L00218,E0032,2026-02-04,2026-02-04,vacation,approved,1
L00219,E0032,2026-03-24,2026-03-24,vacation,approved,1
L00220,E0032,2026-04-20,2026-04-20,sick,approved,1
L00221,E0032,2026-07-08,2026-07-08,vacation,approved,1
L00222,E0033,2026-02-09,2026-02-09,sick,approved,1
L00223,E0033,2026-03-10,2026-03-10,vacation,approved,1
L00224,E0033,2026-05-15,2026-05-15,vacation,approved,1
L00225,E0033,2026-05-28,2026-05-28,vacation,approved,1
L00226,E0034,2026-01-09,2026-01-09,vacation,approved,1
L00227,E0034,2026-02-03,2026-02-03,sick,approved,1
L00228,E0034,2026-03-27,2026-03-27,vacation,approved,1
L00229,E0034,2026-04-02,2026-04-02,vacation,approved,1
L00230,E0034,2026-04-09,2026-04-09,vacation,pending,1
L00231,E0034,2026-06-11,2026-06-11,vacation,approved,1
L00232,E0035,2026-02-11,2026-02-11,sick,approved,1
L00233,E0035,2026-03-03,2026-03-03,vacation,approved,1
L00234,E0035,2026-03-16,2026-03-16,sick,approved,1
L00235,E0035,2026-04-29,2026-04-29,vacation,pending,1
L00236,E0035,2026-05-18,2026-05-18,vacation,approved,1
L00237,E0035,2026-05-28,2026-05-28,vacation,approved,1
L00238,E0035,2026-07-30,2026-07-30,vacation,pending,1
L00239,E0035,2026-08-10,2026-08-10,vacation,approved,1
L00240,E0035,2026-08-11,2026-08-11,vacation,pending,1
L00241,E0035,2026-08-25,2026-08-25,vacation,approved,1
L00242,E0036,2026-01-13,2026-01-13,vacation,approved,1
L00243,E0036,2026-04-21,2026-04-21,vacation,approved,1
L00244,E0036,2026-05-13,2026-05-13,sick,approved,1
L00245,E0036,2026-05-26,2026-05-26,vacation,approved,1
L00246,E0036,2026-06-26,2026-06-26,vacation,approved,1
L00247,E0037,2026-03-09,2026-03-09,vacation,approved,1
L00248,E0037,2026-03-11,2026-03-11,sick,approved,1
L00249,E0037,2026-03-20,2026-03-20,vacation,approved,1
L00250,E0037,2026-04-17,2026-04-17,vacation,approved,1
L00251,E0037,2026-06-18,2026-06-18,vacation,pending,1
L00252,E0037,2026-06-29,2026-06-29,vacation,approved,1
L00253,E0037,2026-07-09,2026-07-09,sick,approved,1
L00254,E0037,2026-07-30,2026-07-30,vacation,pending,1
L00255,E0038,2026-03-19,2026-03-19,vacation,approved,1
L00256,E0038,2026-06-09,2026-06-09,sick,approved,1
L00257,E0038,2026-08-19,2026-08-19,vacation,pending,1
L00258,E0039,2026-04-17,2026-04-17,vacation,approved,1
L00259,E0039,2026-04-29,2026-04-29,vacation,approved,1
L00260,E0039,2026-06-11,2026-06-11,vacation,approved,1
L00261,E0039,2026-06-23,2026-06-23,sick,approved,1
L00262,E0040,2026-01-06,2026-01-06,sick,approved,1
L00263,E0040,2026-01-07,2026-01-07,vacation,approved,1
L00264,E0040,2026-01-08,2026-01-08,vacation,pending,1
L00265,E0040,2026-02-11,2026-02-11,vacation,approved,1
L00266,E0040,2026-04-01,2026-04-01,vacation,approved,1
L00267,E0040,2026-07-02,2026-07-02,sick,approved,1
L00268,E0040,2026-07-13,2026-07-13,vacation,approved,1
L00269,E0040,2026-07-15,2026-07-15,vacation,approved,1
L00270,E0040,2026-08-12,2026-08-12,vacation,approved,1
L00271,E0041,2026-01-27,2026-01-27,vacation,approved,1
L00272,E0041,2026-01-30,2026-01-30,vacation,approved,1
L00273,E0041,2026-02-13,2026-02-13,vacation,approved,1
L00274,E0041,2026-05-12,2026-05-12,sick,pending,1
L00275,E0041,2026-06-10,2026-06-10,vacation,pending,1
L00276,E0041,2026-06-23,2026-06-23,vacation,approved,1
L00277,E0041,2026-07-07,2026-07-07,vacation,approved,1
L00278,E0042,2026-01-07,2026-01-07,sick,approved,1
L00279,E0042,2026-01-21,2026-01-21,vacation,approved,1
L00280,E0042,2026-02-11,2026-02-11,vacation,approved,1
L00281,E0042,2026-03-25,2026-03-25,vacation,approved,1
L00282,E0042,2026-05-22,2026-05-22,sick,approved,1
L00283,E0042,2026-06-19,2026-06-19,vacation,approved,1
L00284,E0042,2026-07-16,2026-07-16,vacation,approved,1
L00285,E0042,2026-07-28,2026-07-28,vacation,approved,1
L00286,E0043,2026-01-13,2026-01-13,sick,approved,1
L00287,E0043,2026-01-26,2026-01-26,sick,approved,1
L00288,E0043,2026-01-30,2026-01-30,vacation,approved,1
L00289,E0043,2026-03-18,2026-03-18,vacation,approved,1
L00290,E0043,2026-03-23,2026-03-23,vacation,approved,1
L00291,E0043,2026-04-29,2026-04-29,vacation,approved,1
L00292,E0043,2026-05-15,2026-05-15,vacation,approved,1
L00293,E0043,2026-05-20,2026-05-20,vacation,approved,1
L00294,E0043,2026-08-06,2026-08-06,vacation,approved,1
L00295,E0044,2026-01-23,2026-01-23,vacation,pending,1
L00296,E0044,2026-01-27,2026-01-27,sick,pending,1
L00297,E0044,2026-04-08,2026-04-08,vacation,approved,1
L00298,E0044,2026-04-30,2026-04-30,vacation,approved,1
L00299,E0044,2026-05-11,2026-05-11,vacation,approved,1
L00300,E0045,2026-02-04,2026-02-04,vacation,pending,1
L00301,E0045,2026-02-09,2026-02-09,sick,approved,1
L00302,E0045,2026-02-16,2026-02-16,vacation,approved,1
L00303,E0045,2026-03-25,2026-03-25,vacation,approved,1
L00304,E0045,2026-08-12,2026-08-12,vacation,approved,1
L00305,E0046,2026-02-13,2026-02-13,vacation,approved,1
L00306,E0046,2026-03-30,2026-03-30,vacation,approved,1
L00307,E0046,2026-05-28,2026-05-28,vacation,approved,1
L00308,E0046,2026-06-19,2026-06-19,vacation,approved,1
L00309,E0046,2026-07-30,2026-07-30,sick,approved,1
L00310,E0047,2026-04-08,2026-04-08,vacation,approved,1
L00311,E0047,2026-04-22,2026-04-22,vacation,approved,1
L00312,E0047,2026-05-04,2026-05-04,vacation,approved,1
L00313,E0047,2026-07-27,2026-07-27,sick,approved,1
L00314,E0047,2026-08-24,2026-08-24,vacation,approved,1
L00315,E0048,2026-01-15,2026-01-15,vacation,approved,1
L00316,E0048,2026-03-16,2026-03-16,sick,approved,1
L00317,E0048,2026-04-01,2026-04-01,vacation,approved,1
L00318,E0048,2026-04-23,2026-04-23,vacation,approved,1
L00319,E0048,2026-06-02,2026-06-02,sick,approved,1
L00320,E0048,2026-06-10,2026-06-10,vacation,approved,1
L00321,E0048,2026-07-01,2026-07-01,vacation,approved,1
L00322,E0048,2026-07-31,2026-07-31,vacation,approved,1
L00323,E0049,2026-02-05,2026-02-05,vacation,approved,1
L00324,E0049,2026-03-18,2026-03-18,vacation,approved,1
L00325,E0049,2026-04-22,2026-04-22,sick,approved,1
L00326,E0049,2026-05-29,2026-05-29,vacation,approved,1
L00327,E0050,2026-01-14,2026-01-14,vacation,approved,1
L00328,E0050,2026-06-03,2026-06-03,vacation,approved,1
L00329,E0050,2026-08-06,2026-08-06,sick,approved,1
L00330,E0050,2026-08-10,2026-08-10,vacation,approved,1
L00331,E0051,2026-01-13,2026-01-13,vacation,approved,1
L00332,E0051,2026-02-27,2026-02-27,vacation,approved,1
L00333,E0051,2026-03-09,2026-03-09,sick,approved,1
L00334,E0051,2026-08-18,2026-08-18,vacation,approved,1
L00335,E0051,2026-08-26,2026-08-26,vacation,approved,1
L00336,E0052,2026-01-27,2026-01-27,vacation,approved,1
L00337,E0052,2026-05-22,2026-05-22,sick,approved,1
L00338,E0052,2026-07-23,2026-07-23,vacation,approved,1
L00339,E0052,2026-07-30,2026-07-30,vacation,approved,1
L00340,E0053,2026-01-14,2026-01-14,vacation,approved,1
L00341,E0053,2026-01-20,2026-01-20,vacation,approved,1
L00342,E0053,2026-03-06,2026-03-06,sick,approved,1
L00343,E0053,2026-07-15,2026-07-15,vacation,approved,1
L00344,E0054,2026-03-03,2026-03-03,vacation,approved,1
L00345,E0054,2026-04-08,2026-04-08,sick,approved,1
L00346,E0054,2026-05-19,2026-05-19,vacation,approved,1
L00347,E0054,2026-06-09,2026-06-09,vacation,approved,1
L00348,E0054,2026-08-07,2026-08-07,vacation,pending,1
L00349,E0055,2026-03-05,2026-03-05,sick,approved,1
L00350,E0055,2026-04-22,2026-04-22,vacation,approved,1
L00351,E0055,2026-04-27,2026-04-27,vacation,approved,1
L00352,E0055,2026-07-10,2026-07-10,vacation,approved,1
L00353,E0056,2026-04-22,2026-04-22,vacation,approved,1
L00354,E0056,2026-04-28,2026-04-28,vacation,approved,1
L00355,E0056,2026-05-26,2026-05-26,vacation,pending,1
L00356,E0056,2026-06-08,2026-06-08,sick,approved,1
L00357,E0056,2026-06-12,2026-06-12,vacation,approved,1
L00358,E0056,2026-07-21,2026-07-21,vacation,approved,1
L00359,E0056,2026-08-25,2026-08-25,vacation,pending,1
L00360,E0057,2026-01-09,2026-01-09,vacation,approved,1
L00361,E0057,2026-02-10,2026-02-10,vacation,approved,1
L00362,E0057,2026-02-24,2026-02-24,vacation,approved,1
L00363,E0057,2026-04-28,2026-04-28,vacation,approved,1
L00364,E0057,2026-06-11,2026-06-11,sick,approved,1
L00365,E0057,2026-08-04,2026-08-04,vacation,approved,1
L00366,E0057,2026-08-13,2026-08-13,vacation,approved,1
L00367,E0057,2026-08-18,2026-08-18,sick,pending,1
L00368,E0058,2026-01-29,2026-01-29,vacation,approved,1
L00369,E0058,2026-02-19,2026-02-19,sick,approved,1
L00370,E0058,2026-03-02,2026-03-02,vacation,approved,1
L00371,E0058,2026-04-30,2026-04-30,vacation,approved,1
L00372,E0058,2026-06-02,2026-06-02,vacation,approved,1
L00373,E0058,2026-08-07,2026-08-07,sick,approved,1
L00374,E0058,2026-08-10,2026-08-10,vacation,approved,1
L00375,E0058,2026-08-17,2026-08-17,vacation,approved,1
L00376,E0059,2026-01-09,2026-01-09,vacation,approved,1
L00377,E0059,2026-01-16,2026-01-16,vacation,approved,1
L00378,E0059,2026-04-17,2026-04-17,vacation,approved,1
L00379,E0059,2026-04-21,2026-04-21,vacation,approved,1
L00380,E0059,2026-04-29,2026-04-29,vacation,approved,1
L00381,E0059,2026-04-30,2026-04-30,sick,approved,1
L00382,E0059,2026-06-01,2026-06-01,vacation,approved,1
L00383,E0059,2026-06-24,2026-06-24,vacation,approved,1
L00384,E0059,2026-06-30,2026-06-30,sick,approved,1
L00385,E0059,2026-07-10,2026-07-10,vacation,pending,1
L00386,E0060,2026-02-05,2026-02-05,vacation,approved,1
L00387,E0060,2026-04-02,2026-04-02,vacation,approved,1
L00388,E0060,2026-06-03,2026-06-03,sick,pending,1
L00389,E0060,2026-08-18,2026-08-18,vacation,approved,1
L00390,E0061,2026-01-09,2026-01-09,vacation,approved,1
L00391,E0061,2026-03-04,2026-03-04,sick,approved,1
L00392,E0061,2026-03-17,2026-03-17,sick,approved,1
L00393,E0061,2026-03-20,2026-03-20,vacation,approved,1
L00394,E0061,2026-04-07,2026-04-07,vacation,pending,1
L00395,E0061,2026-05-29,2026-05-29,vacation,approved,1
L00396,E0061,2026-07-17,2026-07-17,vacation,approved,1
L00397,E0061,2026-07-22,2026-07-22,vacation,approved,1
L00398,E0062,2026-01-15,2026-01-15,sick,approved,1
L00399,E0062,2026-01-28,2026-01-28,vacation,approved,1
L00400,E0062,2026-04-27,2026-04-27,vacation,approved,1
L00401,E0062,2026-06-04,2026-06-04,vacation,approved,1
L00402,E0062,2026-07-09,2026-07-09,vacation,approved,1
L00403,E0062,2026-07-27,2026-07-27,vacation,pending,1
L00404,E0062,2026-08-06,2026-08-06,vacation,approved,1
L00405,E0063,2026-01-20,2026-01-20,vacation,approved,1
L00406,E0063,2026-01-27,2026-01-27,vacation,pending,1
L00407,E0063,2026-01-29,2026-01-29,vacation,approved,1
L00408,E0063,2026-02-10,2026-02-10,sick,approved,1
L00409,E0063,2026-02-16,2026-02-16,vacation,pending,1
L00410,E0063,2026-06-04,2026-06-04,vacation,approved,1
L00411,E0063,2026-06-11,2026-06-11,sick,pending,1
L00412,E0063,2026-07-23,2026-07-23,vacation,approved,1
L00413,E0063,2026-08-05,2026-08-05,vacation,approved,1
L00414,E0064,2026-01-21,2026-01-21,vacation,approved,1
L00415,E0064,2026-04-15,2026-04-15,vacation,approved,1
L00416,E0064,2026-06-17,2026-06-17,vacation,approved,1
L00417,E0064,2026-08-05,2026-08-05,sick,approved,1
L00418,E0065,2026-02-24,2026-02-24,vacation,approved,1
L00419,E0065,2026-03-11,2026-03-11,vacation,pending,1
L00420,E0065,2026-04-20,2026-04-20,vacation,approved,1
L00421,E0065,2026-06-22,2026-06-22,sick,approved,1
L00422,E0066,2026-01-05,2026-01-05,vacation,approved,1
L00423,E0066,2026-01-27,2026-01-27,vacation,approved,1
L00424,E0066,2026-05-28,2026-05-28,vacation,approved,1
L00425,E0066,2026-06-03,2026-06-03,vacation,approved,1
L00426,E0066,2026-06-04,2026-06-04,sick,approved,1
L00427,E0066,2026-06-08,2026-06-08,vacation,pending,1
L00428,E0066,2026-06-23,2026-06-23,vacation,approved,1
L00429,E0066,2026-08-03,2026-08-03,sick,approved,1
L00430,E0067,2026-01-08,2026-01-08,sick,approved,1
L00431,E0067,2026-03-17,2026-03-17,sick,approved,1
L00432,E0067,2026-03-31,2026-03-31,vacation,approved,1
L00433,E0067,2026-05-28,2026-05-28,vacation,approved,1
L00434,E0067,2026-06-04,2026-06-04,vacation,approved,1
L00435,E0067,2026-06-10,2026-06-10,vacation,approved,1
L00436,E0067,2026-08-27,2026-08-27,vacation,approved,1
L00437,E0067,2026-08-31,2026-08-31,vacation,approved,1
L00438,E0068,2026-01-16,2026-01-16,vacation,approved,1
L00439,E0068,2026-01-22,2026-01-22,vacation,approved,1
L00440,E0068,2026-01-23,2026-01-23,vacation,approved,1
L00441,E0068,2026-03-09,2026-03-09,vacation,approved,1
L00442,E0068,2026-03-12,2026-03-12,vacation,approved,1
L00443,E0068,2026-05-05,2026-05-05,vacation,approved,1
L00444,E0068,2026-06-01,2026-06-01,vacation,pending,1
L00445,E0068,2026-06-25,2026-06-25,sick,pending,1
L00446,E0068,2026-07-15,2026-07-15,vacation,approved,1
L00447,E0068,2026-07-30,2026-07-30,sick,approved,1
L00448,E0069,2026-01-02,2026-01-02,sick,approved,1
L00449,E0069,2026-04-16,2026-04-16,vacation,approved,1
L00450,E0069,2026-06-22,2026-06-22,vacation,approved,1
L00451,E0070,2026-01-23,2026-01-23,sick,approved,1
L00452,E0070,2026-04-23,2026-04-23,vacation,approved,1
L00453,E0070,2026-07-31,2026-07-31,vacation,approved,1
L00454,E0071,2026-02-16,2026-02-16,vacation,approved,1
L00455,E0071,2026-03-30,2026-03-30,vacation,approved,1
L00456,E0071,2026-04-07,2026-04-07,sick,approved,1
L00457,E0071,2026-04-17,2026-04-17,vacation,approved,1
L00458,E0071,2026-05-11,2026-05-11,vacation,approved,1
L00459,E0071,2026-05-15,2026-05-15,vacation,pending,1
L00460,E0071,2026-07-24,2026-07-24,vacation,approved,1
L00461,E0072,2026-01-28,2026-01-28,sick,approved,1
L00462,E0072,2026-03-03,2026-03-03,vacation,approved,1
L00463,E0072,2026-03-09,2026-03-09,vacation,approved,1
L00464,E0072,2026-04-16,2026-04-16,sick,approved,1
L00465,E0072,2026-04-29,2026-04-29,vacation,approved,1
L00466,E0072,2026-05-20,2026-05-20,vacation,approved,1
L00467,E0072,2026-07-02,2026-07-02,vacation,approved,1
L00468,E0072,2026-07-15,2026-07-15,vacation,approved,1
L00469,E0072,2026-07-30,2026-07-30,vacation,approved,1
L00470,E0073,2026-01-09,2026-01-09,vacation,approved,1
L00471,E0073,2026-02-03,2026-02-03,vacation,approved,1
L00472,E0073,2026-02-23,2026-02-23,vacation,approved,1
L00473,E0073,2026-03-04,2026-03-04,sick,approved,1
L00474,E0074,2026-01-22,2026-01-22,vacation,approved,1
L00475,E0074,2026-01-28,2026-01-28,vacation,approved,1
L00476,E0074,2026-02-24,2026-02-24,vacation,approved,1
L00477,E0074,2026-03-02,2026-03-02,vacation,approved,1
L00478,E0074,2026-05-07,2026-05-07,sick,approved,1
L00479,E0074,2026-06-22,2026-06-22,vacation,approved,1
L00480,E0074,2026-06-23,2026-06-23,vacation,pending,1
L00481,E0074,2026-08-04,2026-08-04,sick,approved,1
L00482,E0075,2026-01-08,2026-01-08,sick,pending,1
L00483,E0075,2026-04-16,2026-04-16,vacation,approved,1
L00484,E0075,2026-04-30,2026-04-30,vacation,approved,1
L00485,E0075,2026-05-07,2026-05-07,vacation,approved,1
L00486,E0075,2026-05-22,2026-05-22,vacation,approved,1
L00487,E0075,2026-05-28,2026-05-28,vacation,approved,1
L00488,E0075,2026-08-04,2026-08-04,sick,approved,1
L00489,E0075,2026-08-25,2026-08-25,vacation,approved,1
L00490,E0075,2026-08-28,2026-08-28,vacation,approved,1
L00491,E0076,2026-01-22,2026-01-22,vacation,approved,1
L00492,E0076,2026-04-02,2026-04-02,vacation,approved,1
L00493,E0076,2026-04-09,2026-04-09,vacation,approved,1
L00494,E0076,2026-04-15,2026-04-15,vacation,approved,1
L00495,E0076,2026-04-30,2026-04-30,vacation,approved,1
L00496,E0076,2026-05-15,2026-05-15,vacation,approved,1
L00497,E0076,2026-06-12,2026-06-12,sick,approved,1
L00498,E0077,2026-04-10,2026-04-10,sick,approved,1
L00499,E0077,2026-04-21,2026-04-21,vacation,approved,1
L00500,E0077,2026-05-04,2026-05-04,vacation,approved,1
L00501,E0077,2026-05-05,2026-05-05,vacation,approved,1
L00502,E0077,2026-07-21,2026-07-21,vacation,approved,1
L00503,E0078,2026-03-16,2026-03-16,sick,approved,1
L00504,E0078,2026-03-18,2026-03-18,vacation,approved,1
L00505,E0078,2026-05-11,2026-05-11,vacation,approved,1
L00506,E0078,2026-07-08,2026-07-08,vacation,approved,1
L00507,E0079,2026-01-26,2026-01-26,vacation,approved,1
L00508,E0079,2026-03-25,2026-03-25,sick,approved,1
L00509,E0079,2026-05-04,2026-05-04,vacation,pending,1
L00510,E0079,2026-08-20,2026-08-20,vacation,pending,1
L00511,E0079,2026-08-27,2026-08-27,vacation,approved,1
L00512,E0080,2026-01-20,2026-01-20,sick,approved,1
L00513,E0080,2026-05-20,2026-05-20,vacation,approved,1
L00514,E0080,2026-07-14,2026-07-14,vacation,approved,1
L00515,E0080,2026-07-21,2026-07-21,vacation,pending,1
L00516,E0080,2026-08-03,2026-08-03,vacation,approved,1
L00517,E0081,2026-02-09,2026-02-09,vacation,approved,1
L00518,E0081,2026-02-24,2026-02-24,vacation,pending,1
L00519,E0081,2026-03-18,2026-03-18,vacation,approved,1
L00520,E0081,2026-03-20,2026-03-20,vacation,approved,1
L00521,E0081,2026-05-13,2026-05-13,sick,approved,1
L00522,E0081,2026-07-02,2026-07-02,vacation,approved,1
L00523,E0081,2026-07-07,2026-07-07,vacation,approved,1
L00524,E0081,2026-07-29,2026-07-29,sick,pending,1
L00525,E0082,2026-01-23,2026-01-23,vacation,approved,1
L00526,E0082,2026-01-26,2026-01-26,vacation,approved,1
L00527,E0082,2026-01-27,2026-01-27,sick,approved,1
L00528,E0082,2026-02-12,2026-02-12,vacation,approved,1
L00529,E0082,2026-03-17,2026-03-17,vacation,approved,1
L00530,E0082,2026-04-07,2026-04-07,vacation,approved,1
L00531,E0082,2026-06-24,2026-06-24,sick,pending,1
L00532,E0082,2026-07-21,2026-07-21,vacation,pending,1
L00533,E0083,2026-01-06,2026-01-06,vacation,approved,1
L00534,E0083,2026-01-15,2026-01-15,vacation,approved,1
L00535,E0083,2026-02-24,2026-02-24,vacation,approved,1
L00536,E0083,2026-04-08,2026-04-08,vacation,pending,1
L00537,E0083,2026-05-08,2026-05-08,vacation,approved,1
L00538,E0083,2026-05-12,2026-05-12,sick,approved,1
L00539,E0083,2026-08-06,2026-08-06,vacation,approved,1
L00540,E0084,2026-01-06,2026-01-06,vacation,approved,1
L00541,E0084,2026-01-13,2026-01-13,vacation,approved,1
L00542,E0084,2026-01-15,2026-01-15,vacation,approved,1
L00543,E0084,2026-01-19,2026-01-19,vacation,approved,1
L00544,E0084,2026-05-15,2026-05-15,sick,approved,1
L00545,E0085,2026-01-21,2026-01-21,vacation,approved,1
L00546,E0085,2026-03-02,2026-03-02,sick,approved,1
L00547,E0085,2026-03-13,2026-03-13,vacation,approved,1
L00548,E0085,2026-07-14,2026-07-14,vacation,approved,1
L00549,E0085,2026-07-31,2026-07-31,vacation,approved,1
L00550,E0085,2026-08-03,2026-08-03,vacation,approved,1
L00551,E0086,2026-01-14,2026-01-14,vacation,approved,1
L00552,E0086,2026-01-22,2026-01-22,sick,approved,1
L00553,E0086,2026-02-05,2026-02-05,sick,approved,1
L00554,E0086,2026-02-27,2026-02-27,vacation,approved,1
L00555,E0086,2026-05-08,2026-05-08,vacation,approved,1
L00556,E0086,2026-05-21,2026-05-21,vacation,pending,1
L00557,E0086,2026-06-02,2026-06-02,vacation,approved,1
L00558,E0086,2026-08-03,2026-08-03,vacation,approved,1
L00559,E0086,2026-08-07,2026-08-07,vacation,approved,1
L00560,E0086,2026-08-10,2026-08-10,vacation,approved,1
L00561,E0087,2026-02-24,2026-02-24,vacation,approved,1
L00562,E0087,2026-06-12,2026-06-12,vacation,approved,1
L00563,E0087,2026-07-09,2026-07-09,vacation,approved,1
L00564,E0087,2026-08-19,2026-08-19,vacation,approved,1
L00565,E0087,2026-08-26,2026-08-26,sick,approved,1
L00566,E0088,2026-04-09,2026-04-09,vacation,pending,1
L00567,E0088,2026-06-30,2026-06-30,vacation,pending,1
L00568,E0088,2026-07-06,2026-07-06,sick,approved,1
L00569,E0088,2026-08-05,2026-08-05,vacation,pending,1
L00570,E0088,2026-08-06,2026-08-06,vacation,approved,1
L00571,E0088,2026-08-21,2026-08-21,vacation,approved,1
L00572,E0089,2026-01-22,2026-01-22,vacation,approved,1
L00573,E0089,2026-03-18,2026-03-18,sick,approved,1
L00574,E0089,2026-04-16,2026-04-16,vacation,pending,1
L00575,E0089,2026-05-27,2026-05-27,vacation,approved,1
L00576,E0089,2026-07-14,2026-07-14,vacation,approved,1
L00577,E0090,2026-02-10,2026-02-10,vacation,approved,1
L00578,E0090,2026-03-09,2026-03-09,vacation,approved,1
L00579,E0090,2026-03-16,2026-03-16,sick,approved,1
L00580,E0090,2026-03-17,2026-03-17,sick,pending,1
L00581,E0090,2026-05-06,2026-05-06,vacation,approved,1
L00582,E0090,2026-05-20,2026-05-20,vacation,approved,1
L00583,E0090,2026-06-18,2026-06-18,vacation,pending,1
L00584,E0090,2026-07-14,2026-07-14,vacation,approved,1
L00585,E0090,2026-07-21,2026-07-21,vacation,approved,1
L00586,E0090,2026-07-23,2026-07-23,vacation,pending,1
L00587,E0091,2026-02-03,2026-02-03,vacation,approved,1
L00588,E0091,2026-03-10,2026-03-10,vacation,approved,1
L00589,E0091,2026-04-21,2026-04-21,vacation,pending,1
L00590,E0091,2026-05-06,2026-05-06,vacation,approved,1
L00591,E0091,2026-05-12,2026-05-12,vacation,approved,1
L00592,E0091,2026-06-22,2026-06-22,vacation,approved,1
L00593,E0091,2026-08-13,2026-08-13,sick,approved,1
L00594,E0091,2026-08-20,2026-08-20,sick,approved,1
L00595,E0092,2026-01-14,2026-01-14,vacation,approved,1
L00596,E0092,2026-02-13,2026-02-13,vacation,approved,1
L00597,E0092,2026-03-13,2026-03-13,vacation,approved,1
L00598,E0092,2026-03-30,2026-03-30,sick,approved,1
L00599,E0092,2026-04-23,2026-04-23,sick,approved,1
L00600,E0092,2026-05-04,2026-05-04,vacation,approved,1
L00601,E0092,2026-06-24,2026-06-24,vacation,approved,1
L00602,E0092,2026-08-14,2026-08-14,vacation,pending,1
L00603,E0092,2026-08-26,2026-08-26,vacation,approved,1
L00604,E0093,2026-01-15,2026-01-15,vacation,approved,1
L00605,E0093,2026-02-10,2026-02-10,vacation,pending,1
L00606,E0093,2026-02-19,2026-02-19,vacation,approved,1
L00607,E0093,2026-02-26,2026-02-26,sick,approved,1
L00608,E0093,2026-04-02,2026-04-02,vacation,pending,1
L00609,E0093,2026-04-14,2026-04-14,vacation,approved,1
L00610,E0093,2026-04-15,2026-04-15,sick,approved,1
L00611,E0093,2026-06-30,2026-06-30,vacation,approved,1
L00612,E0093,2026-07-06,2026-07-06,vacation,approved,1
L00613,E0093,2026-07-28,2026-07-28,vacation,approved,1
L00614,E0094,2026-01-27,2026-01-27,sick,approved,1
L00615,E0094,2026-04-07,2026-04-07,vacation,approved,1
L00616,E0094,2026-04-24,2026-04-24,vacation,approved,1
L00617,E0094,2026-05-19,2026-05-19,vacation,approved,1
L00618,E0094,2026-07-31,2026-07-31,vacation,approved,1
L00619,E0094,2026-08-04,2026-08-04,vacation,pending,1
L00620,E0094,2026-08-19,2026-08-19,vacation,approved,1
L00621,E0095,2026-02-06,2026-02-06,sick,approved,1
L00622,E0095,2026-03-31,2026-03-31,vacation,approved,1
L00623,E0095,2026-04-13,2026-04-13,vacation,approved,1
L00624,E0095,2026-05-08,2026-05-08,vacation,approved,1
L00625,E0095,2026-06-23,2026-06-23,sick,approved,1
L00626,E0095,2026-07-01,2026-07-01,vacation,pending,1
L00627,E0095,2026-08-07,2026-08-07,vacation,approved,1
L00628,E0095,2026-08-26,2026-08-26,vacation,approved,1
L00629,E0096,2026-01-23,2026-01-23,vacation,approved,1
L00630,E0096,2026-02-11,2026-02-11,vacation,pending,1
L00631,E0096,2026-04-20,2026-04-20,sick,approved,1
L00632,E0096,2026-05-08,2026-05-08,vacation,approved,1
L00633,E0097,2026-02-12,2026-02-12,vacation,pending,1
L00634,E0097,2026-03-20,2026-03-20,sick,approved,1
L00635,E0097,2026-08-24,2026-08-24,vacation,approved,1
L00636,E0098,2026-01-29,2026-01-29,sick,approved,1
L00637,E0098,2026-01-30,2026-01-30,vacation,approved,1
L00638,E0098,2026-03-20,2026-03-20,vacation,approved,1
L00639,E0098,2026-07-01,2026-07-01,vacation,approved,1
L00640,E0099,2026-01-05,2026-01-05,vacation,pending,1
L00641,E0099,2026-01-08,2026-01-08,sick,approved,1
L00642,E0099,2026-02-13,2026-02-13,vacation,approved,1
L00643,E0099,2026-03-23,2026-03-23,vacation,approved,1
L00644,E0099,2026-04-30,2026-04-30,vacation,approved,1
L00645,E0099,2026-07-20,2026-07-20,sick,approved,1
L00646,E0099,2026-07-23,2026-07-23,vacation,approved,1
L00647,E0099,2026-07-24,2026-07-24,vacation,approved,1
L00648,E0099,2026-08-19,2026-08-19,vacation,approved,1
L00649,E0099,2026-08-28,2026-08-28,vacation,approved,1
L00650,E0100,2026-02-25,2026-02-25,vacation,approved,1
L00651,E0100,2026-03-06,2026-03-06,vacation,pending,1
L00652,E0100,2026-03-11,2026-03-11,vacation,approved,1
L00653,E0100,2026-03-12,2026-03-12,vacation,approved,1
L00654,E0100,2026-04-02,2026-04-02,vacation,approved,1
L00655,E0100,2026-04-07,2026-04-07,sick,pending,1
L00656,E0100,2026-04-27,2026-04-27,vacation,approved,1
L00657,E0100,2026-05-04,2026-05-04,vacation,approved,1
L00658,E0100,2026-08-17,2026-08-17,vacation,approved,1
L00659,E0100,2026-08-26,2026-08-26,sick,approved,1
L00660,E0101,2026-02-09,2026-02-09,vacation,approved,1
L00661,E0101,2026-02-10,2026-02-10,vacation,approved,1
L00662,E0101,2026-03-26,2026-03-26,sick,approved,1
L00663,E0101,2026-04-17,2026-04-17,vacation,approved,1
L00664,E0101,2026-06-18,2026-06-18,vacation,approved,1
L00665,E0101,2026-06-29,2026-06-29,vacation,approved,1
L00666,E0101,2026-08-31,2026-08-31,vacation,approved,1
L00667,E0102,2026-05-11,2026-05-11,vacation,approved,1
L00668,E0102,2026-06-18,2026-06-18,vacation,approved,1
L00669,E0102,2026-06-24,2026-06-24,vacation,approved,1
L00670,E0102,2026-06-29,2026-06-29,vacation,approved,1
L00671,E0102,2026-07-08,2026-07-08,vacation,approved,1
L00672,E0102,2026-08-06,2026-08-06,sick,approved,1
L00673,E0103,2026-01-19,2026-01-19,vacation,approved,1
L00674,E0103,2026-02-02,2026-02-02,vacation,approved,1
L00675,E0103,2026-03-11,2026-03-11,vacation,approved,1
L00676,E0103,2026-03-25,2026-03-25,vacation,approved,1
L00677,E0103,2026-03-31,2026-03-31,vacation,approved,1
L00678,E0103,2026-04-14,2026-04-14,vacation,approved,1
L00679,E0103,2026-04-28,2026-04-28,sick,approved,1
L00680,E0103,2026-05-04,2026-05-04,vacation,approved,1
L00681,E0103,2026-05-07,2026-05-07,sick,approved,1
L00682,E0104,2026-01-15,2026-01-15,sick,approved,1
L00683,E0104,2026-01-19,2026-01-19,vacation,approved,1
L00684,E0104,2026-05-15,2026-05-15,vacation,approved,1
L00685,E0104,2026-05-19,2026-05-19,vacation,approved,1
L00686,E0105,2026-03-30,2026-03-30,sick,approved,1
L00687,E0105,2026-05-08,2026-05-08,vacation,approved,1
L00688,E0105,2026-07-09,2026-07-09,vacation,approved,1
L00689,E0105,2026-07-13,2026-07-13,vacation,pending,1
L00690,E0106,2026-01-12,2026-01-12,vacation,approved,1
L00691,E0106,2026-02-04,2026-02-04,vacation,approved,1
L00692,E0106,2026-05-05,2026-05-05,vacation,approved,1
L00693,E0106,2026-05-13,2026-05-13,vacation,approved,1
L00694,E0106,2026-06-01,2026-06-01,vacation,approved,1
L00695,E0106,2026-07-08,2026-07-08,vacation,approved,1
L00696,E0106,2026-07-23,2026-07-23,sick,approved,1
L00697,E0106,2026-08-18,2026-08-18,sick,approved,1
L00698,E0107,2026-02-19,2026-02-19,vacation,approved,1
L00699,E0107,2026-03-09,2026-03-09,sick,approved,1
L00700,E0107,2026-04-02,2026-04-02,vacation,approved,1
L00701,E0107,2026-05-15,2026-05-15,vacation,approved,1
L00702,E0107,2026-05-20,2026-05-20,vacation,approved,1
L00703,E0107,2026-08-18,2026-08-18,vacation,approved,1
L00704,E0107,2026-08-28,2026-08-28,vacation,approved,1
L00705,E0108,2026-01-15,2026-01-15,vacation,pending,1
L00706,E0108,2026-04-13,2026-04-13,sick,approved,1
L00707,E0108,2026-05-15,2026-05-15,vacation,approved,1
L00708,E0108,2026-07-09,2026-07-09,vacation,approved,1
L00709,E0109,2026-02-19,2026-02-19,vacation,approved,1
L00710,E0109,2026-04-20,2026-04-20,vacation,approved,1
L00711,E0109,2026-05-04,2026-05-04,vacation,approved,1
L00712,E0109,2026-06-03,2026-06-03,vacation,approved,1
L00713,E0109,2026-06-11,2026-06-11,sick,approved,1
L00714,E0109,2026-07-07,2026-07-07,vacation,approved,1
L00715,E0110,2026-01-07,2026-01-07,vacation,approved,1
L00716,E0110,2026-01-13,2026-01-13,sick,approved,1
L00717,E0110,2026-04-16,2026-04-16,vacation,approved,1
L00718,E0110,2026-05-06,2026-05-06,vacation,approved,1
L00719,E0110,2026-06-22,2026-06-22,vacation,approved,1
L00720,E0110,2026-07-09,2026-07-09,vacation,approved,1
L00721,E0110,2026-08-04,2026-08-04,vacation,approved,1
L00722,E0111,2026-02-12,2026-02-12,sick,approved,1
L00723,E0111,2026-06-02,2026-06-02,vacation,approved,1
L00724,E0111,2026-06-10,2026-06-10,vacation,approved,1
L00725,E0111,2026-08-28,2026-08-28,vacation,approved,1
L00726,E0112,2026-01-21,2026-01-21,sick,approved,1
L00727,E0112,2026-02-26,2026-02-26,vacation,approved,1
L00728,E0112,2026-05-29,2026-05-29,vacation,approved,1
L00729,E0112,2026-06-05,2026-06-05,vacation,approved,1
L00730,E0112,2026-06-26,2026-06-26,vacation,approved,1
L00731,E0112,2026-07-09,2026-07-09,vacation,approved,1
L00732,E0112,2026-08-05,2026-08-05,vacation,approved,1
L00733,E0113,2026-01-22,2026-01-22,vacation,approved,1
L00734,E0113,2026-03-20,2026-03-20,sick,approved,1
L00735,E0113,2026-05-12,2026-05-12,vacation,approved,1
L00736,E0113,2026-07-09,2026-07-09,vacation,approved,1
L00737,E0114,2026-02-13,2026-02-13,vacation,approved,1
L00738,E0114,2026-03-06,2026-03-06,vacation,approved,1
L00739,E0114,2026-03-19,2026-03-19,vacation,approved,1
L00740,E0114,2026-04-02,2026-04-02,vacation,approved,1
L00741,E0114,2026-07-06,2026-07-06,sick,approved,1
L00742,E0114,2026-07-16,2026-07-16,vacation,approved,1
L00743,E0115,2026-02-05,2026-02-05,vacation,approved,1
L00744,E0115,2026-02-11,2026-02-11,sick,approved,1
L00745,E0115,2026-04-28,2026-04-28,vacation,approved,1
L00746,E0115,2026-05-12,2026-05-12,vacation,approved,1
L00747,E0116,2026-01-12,2026-01-12,vacation,approved,1
L00748,E0116,2026-04-16,2026-04-16,vacation,approved,1
L00749,E0116,2026-04-29,2026-04-29,sick,approved,1
L00750,E0116,2026-06-16,2026-06-16,vacation,approved,1
L00751,E0117,2026-02-23,2026-02-23,vacation,approved,1
L00752,E0117,2026-03-18,2026-03-18,sick,approved,1
L00753,E0117,2026-06-19,2026-06-19,vacation,approved,1
L00754,E0117,2026-07-02,2026-07-02,vacation,approved,1
L00755,E0117,2026-07-14,2026-07-14,vacation,approved,1
L00756,E0118,2026-01-12,2026-01-12,sick,approved,1
L00757,E0118,2026-02-19,2026-02-19,vacation,pending,1
L00758,E0118,2026-03-02,2026-03-02,sick,approved,1
L00759,E0118,2026-03-23,2026-03-23,vacation,approved,1
L00760,E0118,2026-04-08,2026-04-08,vacation,pending,1
L00761,E0118,2026-05-13,2026-05-13,vacation,approved,1
L00762,E0118,2026-06-01,2026-06-01,vacation,approved,1
L00763,E0118,2026-06-04,2026-06-04,vacation,pending,1
L00764,E0119,2026-03-20,2026-03-20,vacation,approved,1
L00765,E0119,2026-06-15,2026-06-15,vacation,approved,1
L00766,E0119,2026-06-19,2026-06-19,sick,approved,1
L00767,E0119,2026-07-23,2026-07-23,vacation,approved,1
L00768,E0120,2026-01-28,2026-01-28,vacation,approved,1
L00769,E0120,2026-03-06,2026-03-06,vacation,approved,1
L00770,E0120,2026-04-28,2026-04-28,sick,approved,1
L00771,E0120,2026-08-11,2026-08-11,vacation,approved,1
L00772,E0121,2026-02-18,2026-02-18,sick,approved,1
L00773,E0121,2026-03-02,2026-03-02,vacation,approved,1
L00774,E0121,2026-03-27,2026-03-27,vacation,approved,1
L00775,E0121,2026-05-21,2026-05-21,sick,approved,1
L00776,E0121,2026-06-01,2026-06-01,vacation,approved,1
L00777,E0121,2026-06-24,2026-06-24,vacation,approved,1
L00778,E0121,2026-07-20,2026-07-20,vacation,approved,1
L00779,E0121,2026-08-10,2026-08-10,vacation,approved,1
L00780,E0121,2026-08-20,2026-08-20,vacation,approved,1
L00781,E0122,2026-02-04,2026-02-04,vacation,approved,1
L00782,E0122,2026-04-23,2026-04-23,sick,approved,1
L00783,E0122,2026-05-19,2026-05-19,vacation,approved,1
L00784,E0122,2026-05-22,2026-05-22,vacation,approved,1
L00785,E0122,2026-06-26,2026-06-26,vacation,approved,1
L00786,E0122,2026-07-14,2026-07-14,vacation,approved,1
L00787,E0123,2026-02-11,2026-02-11,vacation,approved,1
L00788,E0123,2026-04-08,2026-04-08,vacation,approved,1
L00789,E0123,2026-06-02,2026-06-02,sick,approved,1
L00790,E0123,2026-06-05,2026-06-05,vacation,pending,1
L00791,E0123,2026-06-17,2026-06-17,vacation,approved,1
L00792,E0123,2026-07-27,2026-07-27,vacation,approved,1
L00793,E0123,2026-08-05,2026-08-05,sick,approved,1
L00794,E0123,2026-08-06,2026-08-06,vacation,approved,1
L00795,E0123,2026-08-19,2026-08-19,vacation,pending,1
L00796,E0124,2026-02-24,2026-02-24,vacation,approved,1
L00797,E0124,2026-05-27,2026-05-27,vacation,approved,1
L00798,E0124,2026-06-16,2026-06-16,vacation,approved,1
L00799,E0124,2026-07-02,2026-07-02,sick,approved,1
L00800,E0125,2026-02-12,2026-02-12,sick,approved,1
L00801,E0125,2026-05-12,2026-05-12,vacation,approved,1
L00802,E0125,2026-05-20,2026-05-20,vacation,approved,1
L00803,E0125,2026-06-23,2026-06-23,vacation,approved,1
L00804,E0126,2026-01-05,2026-01-05,sick,pending,1
L00805,E0126,2026-01-21,2026-01-21,vacation,approved,1
L00806,E0126,2026-02-16,2026-02-16,vacation,approved,1
L00807,E0126,2026-04-21,2026-04-21,vacation,approved,1
L00808,E0126,2026-07-13,2026-07-13,vacation,approved,1
L00809,E0127,2026-01-20,2026-01-20,sick,approved,1
L00810,E0127,2026-02-26,2026-02-26,vacation,pending,1
L00811,E0127,2026-08-26,2026-08-26,vacation,approved,1
L00812,E0128,2026-01-30,2026-01-30,sick,approved,1
L00813,E0128,2026-02-19,2026-02-19,vacation,approved,1
L00814,E0128,2026-05-27,2026-05-27,vacation,approved,1
L00815,E0128,2026-05-29,2026-05-29,vacation,approved,1
L00816,E0128,2026-08-18,2026-08-18,vacation,approved,1
L00817,E0128,2026-08-27,2026-08-27,vacation,approved,1
L00818,E0128,2026-08-31,2026-08-31,vacation,approved,1
L00819,E0129,2026-01-07,2026-01-07,sick,approved,1
L00820,E0129,2026-01-27,2026-01-27,vacation,approved,1
L00821,E0129,2026-02-13,2026-02-13,vacation,approved,1
L00822,E0129,2026-04-20,2026-04-20,vacation,approved,1
L00823,E0129,2026-04-23,2026-04-23,vacation,approved,1
L00824,E0129,2026-05-05,2026-05-05,vacation,approved,1
L00825,E0129,2026-05-29,2026-05-29,vacation,approved,1
L00826,E0129,2026-07-22,2026-07-22,sick,approved,1
L00827,E0130,2026-01-15,2026-01-15,vacation,approved,1
L00828,E0130,2026-04-09,2026-04-09,sick,approved,1
L00829,E0130,2026-05-12,2026-05-12,vacation,approved,1
L00830,E0130,2026-07-21,2026-07-21,vacation,approved,1
L00831,E0130,2026-08-13,2026-08-13,vacation,approved,1
L00832,E0131,2026-01-12,2026-01-12,vacation,approved,1
L00833,E0131,2026-04-01,2026-04-01,vacation,approved,1
L00834,E0131,2026-04-15,2026-04-15,sick,approved,1
L00835,E0131,2026-06-15,2026-06-15,vacation,approved,1
L00836,E0131,2026-07-27,2026-07-27,vacation,approved,1
L00837,E0131,2026-08-10,2026-08-10,vacation,approved,1
L00838,E0131,2026-08-14,2026-08-14,vacation,approved,1
L00839,E0132,2026-05-29,2026-05-29,sick,approved,1
L00840,E0132,2026-06-04,2026-06-04,vacation,approved,1
L00841,E0132,2026-07-13,2026-07-13,vacation,approved,1
L00842,E0133,2026-01-15,2026-01-15,vacation,pending,1
L00843,E0133,2026-03-03,2026-03-03,vacation,approved,1
L00844,E0133,2026-05-13,2026-05-13,sick,approved,1
L00845,E0133,2026-06-26,2026-06-26,vacation,approved,1
L00846,E0133,2026-08-10,2026-08-10,vacation,approved,1
L00847,E0134,2026-01-29,2026-01-29,vacation,approved,1
L00848,E0134,2026-01-30,2026-01-30,vacation,approved,1
L00849,E0134,2026-06-22,2026-06-22,vacation,approved,1
L00850,E0134,2026-07-10,2026-07-10,sick,approved,1
L00851,E0135,2026-01-08,2026-01-08,vacation,approved,1
L00852,E0135,2026-03-20,2026-03-20,vacation,approved,1
L00853,E0135,2026-04-22,2026-04-22,vacation,approved,1
L00854,E0135,2026-04-23,2026-04-23,sick,approved,1
L00855,E0135,2026-04-28,2026-04-28,vacation,approved,1
L00856,E0135,2026-05-07,2026-05-07,vacation,approved,1
L00857,E0136,2026-01-08,2026-01-08,vacation,approved,1
L00858,E0136,2026-01-23,2026-01-23,vacation,pending,1
L00859,E0136,2026-02-16,2026-02-16,vacation,approved,1
L00860,E0136,2026-02-26,2026-02-26,vacation,approved,1
L00861,E0136,2026-04-14,2026-04-14,vacation,approved,1
L00862,E0136,2026-04-23,2026-04-23,sick,pending,1
L00863,E0136,2026-06-05,2026-06-05,sick,approved,1
L00864,E0136,2026-06-29,2026-06-29,vacation,pending,1
L00865,E0136,2026-07-13,2026-07-13,vacation,approved,1
L00866,E0136,2026-08-19,2026-08-19,vacation,approved,1
L00867,E0137,2026-02-17,2026-02-17,vacation,approved,1
L00868,E0137,2026-04-29,2026-04-29,vacation,approved,1
L00869,E0137,2026-07-03,2026-07-03,vacation,approved,1
L00870,E0137,2026-07-06,2026-07-06,vacation,approved,1
L00871,E0137,2026-07-27,2026-07-27,sick,approved,1
L00872,E0138,2026-01-27,2026-01-27,vacation,approved,1
L00873,E0138,2026-03-10,2026-03-10,sick,pending,1
L00874,E0138,2026-04-14,2026-04-14,vacation,approved,1
L00875,E0138,2026-05-12,2026-05-12,vacation,approved,1
L00876,E0138,2026-06-03,2026-06-03,vacation,pending,1
L00877,E0138,2026-08-27,2026-08-27,vacation,approved,1
L00878,E0139,2026-04-07,2026-04-07,sick,pending,1
L00879,E0139,2026-05-06,2026-05-06,vacation,approved,1
L00880,E0139,2026-06-24,2026-06-24,vacation,approved,1
L00881,E0139,2026-06-25,2026-06-25,vacation,approved,1
L00882,E0140,2026-06-08,2026-06-08,sick,approved,1
L00883,E0140,2026-07-03,2026-07-03,vacation,approved,1
L00884,E0140,2026-07-06,2026-07-06,vacation,pending,1
L00885,E0140,2026-08-11,2026-08-11,vacation,approved,1
L00886,E0141,2026-01-09,2026-01-09,vacation,approved,1
L00887,E0141,2026-01-23,2026-01-23,vacation,approved,1
L00888,E0141,2026-02-13,2026-02-13,vacation,pending,1
L00889,E0141,2026-03-05,2026-03-05,vacation,approved,1
L00890,E0141,2026-05-18,2026-05-18,vacation,approved,1
L00891,E0141,2026-07-07,2026-07-07,sick,pending,1
L00892,E0142,2026-03-04,2026-03-04,vacation,approved,1
L00893,E0142,2026-04-01,2026-04-01,sick,approved,1
L00894,E0142,2026-04-07,2026-04-07,vacation,approved,1
L00895,E0142,2026-05-11,2026-05-11,vacation,approved,1
L00896,E0142,2026-07-28,2026-07-28,vacation,approved,1
L00897,E0142,2026-08-13,2026-08-13,vacation,approved,1
L00898,E0143,2026-02-27,2026-02-27,vacation,approved,1
L00899,E0143,2026-04-17,2026-04-17,vacation,approved,1
L00900,E0143,2026-04-28,2026-04-28,sick,approved,1
L00901,E0143,2026-06-19,2026-06-19,sick,approved,1
L00902,E0143,2026-07-08,2026-07-08,vacation,approved,1
L00903,E0143,2026-08-10,2026-08-10,vacation,approved,1
L00904,E0143,2026-08-18,2026-08-18,vacation,approved,1
L00905,E0143,2026-08-21,2026-08-21,vacation,approved,1
L00906,E0143,2026-08-28,2026-08-28,vacation,approved,1
L00907,E0143,2026-08-31,2026-08-31,vacation,approved,1
L00908,E0144,2026-01-12,2026-01-12,vacation,approved,1
L00909,E0144,2026-02-11,2026-02-11,vacation,approved,1
L00910,E0144,2026-02-18,2026-02-18,sick,pending,1
L00911,E0144,2026-04-23,2026-04-23,sick,approved,1
L00912,E0144,2026-05-05,2026-05-05,vacation,approved,1
L00913,E0144,2026-06-08,2026-06-08,vacation,approved,1
L00914,E0144,2026-06-30,2026-06-30,vacation,approved,1
L00915,E0144,2026-07-15,2026-07-15,vacation,approved,1
L00916,E0144,2026-08-12,2026-08-12,vacation,approved,1
L00917,E0144,2026-08-27,2026-08-27,vacation,approved,1
L00918,E0145,2026-03-30,2026-03-30,vacation,approved,1
L00919,E0145,2026-04-13,2026-04-13,vacation,approved,1
L00920,E0145,2026-06-12,2026-06-12,vacation,approved,1
L00921,E0145,2026-07-03,2026-07-03,vacation,pending,1
L00922,E0145,2026-07-09,2026-07-09,vacation,approved,1
L00923,E0145,2026-07-14,2026-07-14,vacation,approved,1
L00924,E0145,2026-07-28,2026-07-28,sick,approved,1
L00925,E0145,2026-08-28,2026-08-28,sick,approved,1
L00926,E0146,2026-01-05,2026-01-05,sick,approved,1
L00927,E0146,2026-06-30,2026-06-30,vacation,approved,1
L00928,E0146,2026-07-02,2026-07-02,vacation,approved,1
L00929,E0147,2026-01-12,2026-01-12,vacation,approved,1
L00930,E0147,2026-01-29,2026-01-29,sick,approved,1
L00931,E0147,2026-02-02,2026-02-02,vacation,approved,1
L00932,E0147,2026-03-27,2026-03-27,vacation,approved,1
L00933,E0147,2026-05-12,2026-05-12,vacation,approved,1
L00934,E0147,2026-07-06,2026-07-06,sick,approved,1
L00935,E0147,2026-07-28,2026-07-28,vacation,approved,1
L00936,E0147,2026-08-25,2026-08-25,vacation,approved,1
L00937,E0148,2026-03-03,2026-03-03,vacation,approved,1
L00938,E0148,2026-04-14,2026-04-14,vacation,approved,1
L00939,E0148,2026-05-11,2026-05-11,vacation,approved,1
L00940,E0148,2026-06-17,2026-06-17,vacation,approved,1
L00941,E0148,2026-08-24,2026-08-24,sick,approved,1
L00942,E0149,2026-01-05,2026-01-05,vacation,approved,1
L00943,E0149,2026-02-02,2026-02-02,vacation,approved,1
L00944,E0149,2026-04-15,2026-04-15,vacation,approved,1
L00945,E0149,2026-04-28,2026-04-28,sick,approved,1
L00946,E0149,2026-07-03,2026-07-03,vacation,approved,1
L00947,E0149,2026-08-13,2026-08-13,vacation,approved,1
L00948,E0150,2026-03-18,2026-03-18,vacation,approved,1
L00949,E0150,2026-04-10,2026-04-10,vacation,approved,1
L00950,E0150,2026-05-05,2026-05-05,sick,approved,1
L00951,E0150,2026-05-13,2026-05-13,vacation,approved,1
L00952,E0150,2026-06-09,2026-06-09,vacation,approved,1
L00953,E0150,2026-08-19,2026-08-19,vacation,pending,1
L00954,E0151,2026-01-13,2026-01-13,vacation,approved,1
L00955,E0151,2026-01-14,2026-01-14,vacation,approved,1
L00956,E0151,2026-01-26,2026-01-26,vacation,approved,1
L00957,E0151,2026-03-04,2026-03-04,vacation,approved,1
L00958,E0151,2026-04-22,2026-04-22,sick,approved,1
L00959,E0152,2026-03-11,2026-03-11,vacation,approved,1
L00960,E0152,2026-03-30,2026-03-30,vacation,approved,1
L00961,E0152,2026-06-12,2026-06-12,vacation,approved,1
L00962,E0152,2026-07-13,2026-07-13,vacation,approved,1
L00963,E0152,2026-08-13,2026-08-13,sick,approved,1
L00964,E0152,2026-08-20,2026-08-20,vacation,pending,1
L00965,E0153,2026-01-08,2026-01-08,sick,approved,1
L00966,E0153,2026-02-03,2026-02-03,vacation,approved,1
L00967,E0153,2026-02-25,2026-02-25,vacation,approved,1
L00968,E0154,2026-01-30,2026-01-30,sick,approved,1
L00969,E0154,2026-03-05,2026-03-05,vacation,approved,1
L00970,E0154,2026-04-09,2026-04-09,vacation,approved,1
L00971,E0154,2026-04-22,2026-04-22,vacation,approved,1
L00972,E0154,2026-05-20,2026-05-20,vacation,approved,1
L00973,E0154,2026-07-27,2026-07-27,vacation,approved,1
L00974,E0155,2026-01-06,2026-01-06,vacation,approved,1
L00975,E0155,2026-05-06,2026-05-06,vacation,approved,1
L00976,E0155,2026-07-09,2026-07-09,vacation,approved,1
L00977,E0155,2026-07-22,2026-07-22,sick,approved,1
L00978,E0155,2026-07-29,2026-07-29,vacation,approved,1
L00979,E0155,2026-08-19,2026-08-19,vacation,approved,1
L00980,E0156,2026-02-24,2026-02-24,vacation,approved,1
L00981,E0156,2026-05-13,2026-05-13,vacation,approved,1
L00982,E0156,2026-06-08,2026-06-08,sick,approved,1
L00983,E0156,2026-06-22,2026-06-22,vacation,approved,1
L00984,E0156,2026-07-15,2026-07-15,sick,pending,1
L00985,E0156,2026-07-17,2026-07-17,vacation,pending,1
L00986,E0156,2026-07-21,2026-07-21,vacation,approved,1
L00987,E0156,2026-08-21,2026-08-21,vacation,approved,1
L00988,E0156,2026-08-31,2026-08-31,vacation,approved,1
L00989,E0157,2026-01-07,2026-01-07,vacation,approved,1
L00990,E0157,2026-02-02,2026-02-02,sick,approved,1
L00991,E0157,2026-02-05,2026-02-05,vacation,approved,1
L00992,E0157,2026-04-09,2026-04-09,vacation,approved,1
L00993,E0157,2026-04-29,2026-04-29,vacation,approved,1
L00994,E0157,2026-05-19,2026-05-19,vacation,approved,1
L00995,E0157,2026-08-11,2026-08-11,vacation,pending,1
L00996,E0157,2026-08-17,2026-08-17,sick,approved,1
L00997,E0158,2026-01-27,2026-01-27,vacation,approved,1
L00998,E0158,2026-02-04,2026-02-04,vacation,approved,1
L00999,E0158,2026-02-13,2026-02-13,vacation,approved,1
L01000,E0158,2026-05-18,2026-05-18,sick,approved,1
L01001,E0158,2026-07-17,2026-07-17,vacation,approved,1
L01002,E0159,2026-03-09,2026-03-09,vacation,approved,1
L01003,E0159,2026-04-24,2026-04-24,sick,approved,1
L01004,E0159,2026-06-11,2026-06-11,vacation,approved,1
L01005,E0159,2026-08-04,2026-08-04,vacation,approved,1
L01006,E0160,2026-04-28,2026-04-28,vacation,approved,1
L01007,E0160,2026-07-10,2026-07-10,sick,approved,1
L01008,E0160,2026-08-20,2026-08-20,vacation,approved,1
L01009,E0161,2026-03-05,2026-03-05,vacation,approved,1
L01010,E0161,2026-04-13,2026-04-13,sick,approved,1
L01011,E0161,2026-07-27,2026-07-27,vacation,approved,1
L01012,E0161,2026-07-28,2026-07-28,vacation,approved,1
L01013,E0161,2026-08-31,2026-08-31,vacation,approved,1
L01014,E0162,2026-01-05,2026-01-05,vacation,approved,1
L01015,E0162,2026-01-15,2026-01-15,sick,approved,1
L01016,E0162,2026-03-24,2026-03-24,vacation,approved,1
L01017,E0162,2026-03-26,2026-03-26,vacation,approved,1
L01018,E0162,2026-04-01,2026-04-01,sick,approved,1
L01019,E0162,2026-05-19,2026-05-19,vacation,pending,1
L01020,E0162,2026-06-09,2026-06-09,vacation,approved,1
L01021,E0162,2026-07-17,2026-07-17,vacation,approved,1
L01022,E0162,2026-08-07,2026-08-07,vacation,approved,1
L01023,E0162,2026-08-14,2026-08-14,vacation,approved,1
L01024,E0163,2026-01-02,2026-01-02,vacation,approved,1
L01025,E0163,2026-01-06,2026-01-06,sick,approved,1
L01026,E0163,2026-02-17,2026-02-17,vacation,approved,1
L01027,E0163,2026-02-23,2026-02-23,sick,approved,1
L01028,E0163,2026-03-16,2026-03-16,vacation,approved,1
L01029,E0163,2026-03-30,2026-03-30,vacation,approved,1
L01030,E0163,2026-05-11,2026-05-11,vacation,approved,1
L01031,E0163,2026-07-22,2026-07-22,vacation,approved,1
L01032,E0163,2026-08-17,2026-08-17,vacation,approved,1
L01033,E0164,2026-01-28,2026-01-28,vacation,approved,1
L01034,E0164,2026-02-05,2026-02-05,vacation,approved,1
L01035,E0164,2026-05-05,2026-05-05,sick,approved,1
L01036,E0164,2026-07-20,2026-07-20,vacation,approved,1
L01037,E0165,2026-01-05,2026-01-05,vacation,approved,1
L01038,E0165,2026-01-27,2026-01-27,vacation,approved,1
L01039,E0165,2026-01-30,2026-01-30,vacation,approved,1
L01040,E0165,2026-05-20,2026-05-20,sick,approved,1
L01041,E0165,2026-08-18,2026-08-18,vacation,approved,1
L01042,E0166,2026-02-19,2026-02-19,vacation,approved,1
L01043,E0166,2026-08-11,2026-08-11,sick,pending,1
L01044,E0166,2026-08-14,2026-08-14,vacation,approved,1
L01045,E0167,2026-03-20,2026-03-20,vacation,approved,1
L01046,E0167,2026-04-13,2026-04-13,vacation,approved,1
L01047,E0167,2026-07-06,2026-07-06,vacation,approved,1
L01048,E0167,2026-07-09,2026-07-09,sick,approved,1
L01049,E0167,2026-08-06,2026-08-06,vacation,approved,1
L01050,E0168,2026-01-02,2026-01-02,vacation,approved,1
L01051,E0168,2026-01-16,2026-01-16,vacation,approved,1
L01052,E0168,2026-02-17,2026-02-17,vacation,approved,1
L01053,E0168,2026-02-20,2026-02-20,vacation,approved,1
L01054,E0168,2026-03-16,2026-03-16,vacation,approved,1
L01055,E0168,2026-03-19,2026-03-19,vacation,approved,1
L01056,E0168,2026-06-01,2026-06-01,sick,approved,1
L01057,E0169,2026-01-07,2026-01-07,sick,approved,1
L01058,E0169,2026-01-29,2026-01-29,vacation,approved,1
L01059,E0169,2026-02-18,2026-02-18,sick,approved,1
L01060,E0169,2026-03-13,2026-03-13,vacation,pending,1
L01061,E0169,2026-03-31,2026-03-31,vacation,approved,1
L01062,E0169,2026-05-06,2026-05-06,vacation,approved,1
L01063,E0169,2026-06-22,2026-06-22,vacation,approved,1
L01064,E0169,2026-07-14,2026-07-14,vacation,approved,1
L01065,E0169,2026-07-30,2026-07-30,vacation,approved,1
L01066,E0169,2026-08-27,2026-08-27,vacation,approved,1
L01067,E0170,2026-01-28,2026-01-28,vacation,approved,1
L01068,E0170,2026-01-30,2026-01-30,vacation,pending,1
L01069,E0170,2026-05-20,2026-05-20,vacation,approved,1
L01070,E0170,2026-07-13,2026-07-13,sick,approved,1
L01071,E0170,2026-08-03,2026-08-03,vacation,approved,1
L01072,E0170,2026-08-07,2026-08-07,vacation,approved,1
L01073,E0171,2026-01-05,2026-01-05,sick,approved,1
L01074,E0171,2026-02-18,2026-02-18,vacation,approved,1
L01075,E0171,2026-05-13,2026-05-13,vacation,approved,1
L01076,E0171,2026-07-10,2026-07-10,vacation,approved,1
L01077,E0171,2026-08-10,2026-08-10,vacation,approved,1
L01078,E0172,2026-01-20,2026-01-20,vacation,approved,1
L01079,E0172,2026-02-02,2026-02-02,sick,approved,1
L01080,E0172,2026-02-16,2026-02-16,vacation,approved,1
L01081,E0172,2026-05-07,2026-05-07,vacation,approved,1
L01082,E0172,2026-06-03,2026-06-03,vacation,pending,1
L01083,E0172,2026-08-14,2026-08-14,vacation,approved,1
L01084,E0173,2026-01-29,2026-01-29,vacation,approved,1
L01085,E0173,2026-03-20,2026-03-20,vacation,approved,1
L01086,E0173,2026-04-22,2026-04-22,vacation,approved,1
L01087,E0173,2026-06-01,2026-06-01,sick,pending,1
L01088,E0173,2026-06-16,2026-06-16,vacation,approved,1
L01089,E0173,2026-08-03,2026-08-03,vacation,approved,1
L01090,E0173,2026-08-24,2026-08-24,vacation,approved,1
L01091,E0174,2026-02-25,2026-02-25,vacation,approved,1
L01092,E0174,2026-03-03,2026-03-03,vacation,approved,1
L01093,E0174,2026-03-05,2026-03-05,sick,approved,1
L01094,E0174,2026-03-31,2026-03-31,vacation,pending,1
L01095,E0174,2026-05-04,2026-05-04,vacation,pending,1
L01096,E0174,2026-06-05,2026-06-05,sick,approved,1
L01097,E0174,2026-06-16,2026-06-16,vacation,approved,1
L01098,E0174,2026-08-17,2026-08-17,vacation,approved,1
L01099,E0175,2026-01-12,2026-01-12,sick,approved,1
L01100,E0175,2026-01-13,2026-01-13,vacation,approved,1
L01101,E0175,2026-03-26,2026-03-26,vacation,pending,1
L01102,E0175,2026-05-07,2026-05-07,vacation,approved,1
L01103,E0175,2026-07-28,2026-07-28,vacation,approved,1
L01104,E0176,2026-02-03,2026-02-03,vacation,approved,1
L01105,E0176,2026-04-30,2026-04-30,vacation,approved,1
L01106,E0176,2026-07-07,2026-07-07,vacation,approved,1
L01107,E0176,2026-07-15,2026-07-15,vacation,approved,1
L01108,E0176,2026-07-16,2026-07-16,vacation,approved,1
L01109,E0176,2026-08-07,2026-08-07,vacation,approved,1
L01110,E0176,2026-08-28,2026-08-28,sick,approved,1
L01111,E0176,2026-08-31,2026-08-31,sick,approved,1
L01112,E0177,2026-02-12,2026-02-12,vacation,approved,1
L01113,E0177,2026-03-11,2026-03-11,vacation,approved,1
L01114,E0177,2026-04-30,2026-04-30,vacation,pending,1
L01115,E0177,2026-06-17,2026-06-17,sick,approved,1
L01116,E0177,2026-07-02,2026-07-02,vacation,approved,1
L01117,E0177,2026-07-17,2026-07-17,sick,pending,1
L01118,E0177,2026-08-03,2026-08-03,vacation,approved,1
L01119,E0177,2026-08-07,2026-08-07,vacation,approved,1
L01120,E0177,2026-08-21,2026-08-21,vacation,approved,1
L01121,E0177,2026-08-31,2026-08-31,vacation,approved,1
L01122,E0178,2026-01-14,2026-01-14,vacation,approved,1
L01123,E0178,2026-01-28,2026-01-28,vacation,approved,1
L01124,E0178,2026-05-12,2026-05-12,sick,pending,1
L01125,E0178,2026-06-30,2026-06-30,vacation,approved,1
L01126,E0178,2026-08-25,2026-08-25,vacation,approved,1
L01127,E0179,2026-03-03,2026-03-03,vacation,approved,1
L01128,E0179,2026-07-08,2026-07-08,vacation,approved,1
L01129,E0179,2026-07-28,2026-07-28,sick,pending,1
L01130,E0180,2026-01-16,2026-01-16,vacation,approved,1
L01131,E0180,2026-03-30,2026-03-30,vacation,approved,1
L01132,E0180,2026-06-23,2026-06-23,vacation,approved,1
L01133,E0180,2026-07-02,2026-07-02,vacation,pending,1
L01134,E0180,2026-07-07,2026-07-07,vacation,approved,1
L01135,E0180,2026-07-14,2026-07-14,sick,approved,1
L01136,E0180,2026-07-31,2026-07-31,vacation,approved,1
L01137,E0180,2026-08-20,2026-08-20,sick,approved,1
L01138,E0181,2026-01-19,2026-01-19,vacation,approved,1
L01139,E0181,2026-04-21,2026-04-21,vacation,pending,1
L01140,E0181,2026-05-06,2026-05-06,sick,approved,1
L01141,E0182,2026-01-08,2026-01-08,sick,approved,1
L01142,E0182,2026-03-26,2026-03-26,vacation,approved,1
L01143,E0182,2026-05-19,2026-05-19,vacation,approved,1
L01144,E0182,2026-06-05,2026-06-05,vacation,approved,1
L01145,E0182,2026-08-13,2026-08-13,vacation,approved,1
L01146,E0183,2026-01-19,2026-01-19,sick,approved,1
L01147,E0183,2026-02-02,2026-02-02,vacation,approved,1
L01148,E0183,2026-02-06,2026-02-06,vacation,approved,1
L01149,E0183,2026-03-11,2026-03-11,vacation,approved,1
L01150,E0183,2026-06-03,2026-06-03,vacation,pending,1
L01151,E0183,2026-07-02,2026-07-02,vacation,approved,1
L01152,E0183,2026-07-29,2026-07-29,vacation,approved,1
L01153,E0183,2026-07-30,2026-07-30,vacation,approved,1
L01154,E0183,2026-08-06,2026-08-06,sick,approved,1
L01155,E0183,2026-08-20,2026-08-20,vacation,approved,1
L01156,E0184,2026-03-04,2026-03-04,sick,approved,1
L01157,E0184,2026-05-18,2026-05-18,vacation,approved,1
L01158,E0184,2026-06-03,2026-06-03,sick,approved,1
L01159,E0184,2026-06-08,2026-06-08,vacation,approved,1
L01160,E0184,2026-06-18,2026-06-18,vacation,approved,1
L01161,E0184,2026-06-24,2026-06-24,vacation,approved,1
L01162,E0184,2026-06-29,2026-06-29,vacation,approved,1
L01163,E0184,2026-07-07,2026-07-07,vacation,pending,1
L01164,E0184,2026-07-13,2026-07-13,vacation,approved,1
L01165,E0185,2026-01-16,2026-01-16,vacation,approved,1
L01166,E0185,2026-02-10,2026-02-10,sick,approved,1
L01167,E0185,2026-02-19,2026-02-19,vacation,approved,1
L01168,E0185,2026-02-25,2026-02-25,vacation,approved,1
L01169,E0185,2026-06-16,2026-06-16,sick,approved,1
L01170,E0185,2026-06-25,2026-06-25,vacation,approved,1
L01171,E0185,2026-07-23,2026-07-23,vacation,approved,1
L01172,E0185,2026-07-30,2026-07-30,vacation,approved,1
L01173,E0185,2026-08-31,2026-08-31,vacation,approved,1
L01174,E0186,2026-03-24,2026-03-24,vacation,approved,1
L01175,E0186,2026-04-15,2026-04-15,vacation,approved,1
L01176,E0186,2026-06-24,2026-06-24,sick,approved,1
L01177,E0186,2026-08-27,2026-08-27,vacation,approved,1
L01178,E0187,2026-03-19,2026-03-19,vacation,approved,1
L01179,E0187,2026-03-23,2026-03-23,sick,approved,1
L01180,E0187,2026-03-25,2026-03-25,vacation,approved,1
L01181,E0187,2026-03-30,2026-03-30,vacation,approved,1
L01182,E0187,2026-06-12,2026-06-12,vacation,approved,1
L01183,E0187,2026-06-25,2026-06-25,vacation,pending,1
L01184,E0187,2026-08-28,2026-08-28,vacation,approved,1
L01185,E0188,2026-01-07,2026-01-07,vacation,approved,1
L01186,E0188,2026-01-09,2026-01-09,vacation,approved,1
L01187,E0188,2026-02-27,2026-02-27,sick,approved,1
L01188,E0188,2026-04-23,2026-04-23,vacation,approved,1
L01189,E0188,2026-05-08,2026-05-08,sick,approved,1
L01190,E0188,2026-05-22,2026-05-22,vacation,approved,1
L01191,E0188,2026-06-12,2026-06-12,vacation,approved,1
L01192,E0188,2026-06-22,2026-06-22,vacation,pending,1
L01193,E0188,2026-08-24,2026-08-24,vacation,pending,1
L01194,E0188,2026-08-27,2026-08-27,vacation,approved,1
L01195,E0189,2026-02-02,2026-02-02,vacation,approved,1
L01196,E0189,2026-04-23,2026-04-23,vacation,pending,1
L01197,E0189,2026-06-24,2026-06-24,sick,approved,1
L01198,E0190,2026-02-09,2026-02-09,vacation,approved,1
L01199,E0190,2026-04-10,2026-04-10,sick,approved,1
L01200,E0190,2026-05-12,2026-05-12,sick,approved,1
L01201,E0190,2026-06-08,2026-06-08,vacation,approved,1
L01202,E0190,2026-06-09,2026-06-09,vacation,approved,1
L01203,E0190,2026-06-19,2026-06-19,vacation,approved,1
L01204,E0190,2026-06-26,2026-06-26,vacation,approved,1
L01205,E0190,2026-08-17,2026-08-17,vacation,approved,1
L01206,E0191,2026-02-27,2026-02-27,vacation,approved,1
L01207,E0191,2026-04-15,2026-04-15,sick,approved,1
L01208,E0191,2026-04-30,2026-04-30,vacation,approved,1
L01209,E0191,2026-07-07,2026-07-07,vacation,pending,1
L01210,E0191,2026-08-13,2026-08-13,vacation,approved,1
L01211,E0192,2026-01-08,2026-01-08,vacation,pending,1
L01212,E0192,2026-04-10,2026-04-10,vacation,approved,1
L01213,E0192,2026-06-15,2026-06-15,sick,approved,1
L01214,E0192,2026-07-06,2026-07-06,vacation,approved,1
L01215,E0192,2026-07-16,2026-07-16,vacation,approved,1
L01216,E0192,2026-08-11,2026-08-11,vacation,approved,1
L01217,E0192,2026-08-14,2026-08-14,vacation,pending,1
L01218,E0193,2026-01-06,2026-01-06,vacation,approved,1
L01219,E0193,2026-03-04,2026-03-04,vacation,approved,1
L01220,E0193,2026-03-17,2026-03-17,sick,approved,1
L01221,E0193,2026-03-23,2026-03-23,sick,approved,1
L01222,E0193,2026-03-26,2026-03-26,vacation,approved,1
L01223,E0193,2026-03-31,2026-03-31,vacation,approved,1
L01224,E0193,2026-05-04,2026-05-04,vacation,approved,1
L01225,E0193,2026-07-02,2026-07-02,vacation,approved,1
L01226,E0193,2026-08-14,2026-08-14,vacation,approved,1
L01227,E0194,2026-01-27,2026-01-27,vacation,approved,1
L01228,E0194,2026-04-15,2026-04-15,sick,approved,1
L01229,E0194,2026-07-07,2026-07-07,vacation,approved,1
L01230,E0195,2026-03-31,2026-03-31,sick,approved,1
L01231,E0195,2026-05-26,2026-05-26,vacation,approved,1
L01232,E0195,2026-06-11,2026-06-11,vacation,approved,1
L01233,E0195,2026-07-16,2026-07-16,vacation,approved,1
L01234,E0195,2026-08-12,2026-08-12,vacation,approved,1
L01235,E0196,2026-04-27,2026-04-27,sick,approved,1
L01236,E0196,2026-06-12,2026-06-12,vacation,approved,1
L01237,E0196,2026-07-31,2026-07-31,vacation,approved,1
L01238,E0197,2026-01-07,2026-01-07,vacation,approved,1
L01239,E0197,2026-02-16,2026-02-16,vacation,approved,1
L01240,E0197,2026-05-05,2026-05-05,sick,pending,1
L01241,E0197,2026-07-01,2026-07-01,vacation,approved,1
L01242,E0197,2026-08-27,2026-08-27,vacation,approved,1
L01243,E0198,2026-02-04,2026-02-04,vacation,approved,1
L01244,E0198,2026-02-05,2026-02-05,sick,approved,1
L01245,E0198,2026-03-12,2026-03-12,vacation,approved,1
L01246,E0198,2026-04-22,2026-04-22,vacation,approved,1
L01247,E0198,2026-06-02,2026-06-02,vacation,approved,1
L01248,E0198,2026-06-16,2026-06-16,vacation,pending,1
L01249,E0199,2026-01-02,2026-01-02,vacation,approved,1
L01250,E0199,2026-04-02,2026-04-02,vacation,approved,1
L01251,E0199,2026-05-12,2026-05-12,vacation,approved,1
L01252,E0199,2026-06-04,2026-06-04,sick,approved,1
L01253,E0200,2026-02-24,2026-02-24,vacation,approved,1
L01254,E0200,2026-03-03,2026-03-03,vacation,approved,1
L01255,E0200,2026-04-09,2026-04-09,vacation,approved,1
L01256,E0200,2026-05-08,2026-05-08,vacation,approved,1
L01257,E0200,2026-08-27,2026-08-27,sick,approved,1
L01258,E0201,2026-02-26,2026-02-26,vacation,approved,1
L01259,E0201,2026-03-26,2026-03-26,vacation,approved,1
L01260,E0201,2026-04-15,2026-04-15,sick,approved,1
L01261,E0201,2026-07-27,2026-07-27,vacation,approved,1
L01262,E0202,2026-01-22,2026-01-22,vacation,approved,1
L01263,E0202,2026-04-10,2026-04-10,vacation,approved,1
L01264,E0202,2026-05-20,2026-05-20,vacation,approved,1
L01265,E0202,2026-06-24,2026-06-24,vacation,approved,1
L01266,E0202,2026-06-29,2026-06-29,sick,approved,1
L01267,E0202,2026-07-08,2026-07-08,vacation,approved,1
L01268,E0202,2026-07-20,2026-07-20,vacation,approved,1
L01269,E0203,2026-02-05,2026-02-05,vacation,pending,1
L01270,E0203,2026-02-09,2026-02-09,vacation,approved,1
L01271,E0203,2026-03-17,2026-03-17,vacation,approved,1
L01272,E0203,2026-07-13,2026-07-13,sick,approved,1
L01273,E0204,2026-01-06,2026-01-06,vacation,approved,1
L01274,E0204,2026-03-17,2026-03-17,vacation,pending,1
L01275,E0204,2026-04-02,2026-04-02,vacation,approved,1
L01276,E0204,2026-04-09,2026-04-09,vacation,approved,1
L01277,E0204,2026-04-27,2026-04-27,sick,approved,1
L01278,E0204,2026-04-29,2026-04-29,vacation,approved,1
L01279,E0204,2026-06-17,2026-06-17,sick,approved,1
L01280,E0204,2026-08-06,2026-08-06,vacation,approved,1
L01281,E0205,2026-01-08,2026-01-08,vacation,approved,1
L01282,E0205,2026-02-09,2026-02-09,vacation,approved,1
L01283,E0205,2026-05-08,2026-05-08,vacation,approved,1
L01284,E0205,2026-05-29,2026-05-29,vacation,approved,1
L01285,E0205,2026-06-22,2026-06-22,vacation,approved,1
L01286,E0205,2026-07-06,2026-07-06,sick,approved,1
L01287,E0205,2026-07-23,2026-07-23,vacation,approved,1
L01288,E0206,2026-01-21,2026-01-21,vacation,approved,1
L01289,E0206,2026-02-26,2026-02-26,sick,pending,1
L01290,E0206,2026-05-11,2026-05-11,vacation,approved,1
L01291,E0206,2026-06-25,2026-06-25,vacation,approved,1
L01292,E0207,2026-02-13,2026-02-13,vacation,approved,1
L01293,E0207,2026-05-06,2026-05-06,vacation,approved,1
L01294,E0207,2026-06-24,2026-06-24,sick,approved,1
L01295,E0207,2026-07-17,2026-07-17,vacation,approved,1
L01296,E0207,2026-08-07,2026-08-07,vacation,approved,1
L01297,E0207,2026-08-20,2026-08-20,vacation,approved,1
L01298,E0208,2026-01-07,2026-01-07,vacation,approved,1
L01299,E0208,2026-03-09,2026-03-09,vacation,pending,1
L01300,E0208,2026-03-23,2026-03-23,vacation,approved,1
L01301,E0208,2026-04-24,2026-04-24,vacation,approved,1
L01302,E0208,2026-06-26,2026-06-26,vacation,approved,1
L01303,E0208,2026-07-29,2026-07-29,sick,approved,1
L01304,E0209,2026-02-23,2026-02-23,sick,approved,1
L01305,E0209,2026-02-27,2026-02-27,vacation,approved,1
L01306,E0209,2026-05-18,2026-05-18,vacation,approved,1
L01307,E0209,2026-05-28,2026-05-28,vacation,approved,1
L01308,E0209,2026-06-03,2026-06-03,vacation,pending,1
L01309,E0209,2026-06-25,2026-06-25,vacation,approved,1
L01310,E0209,2026-07-02,2026-07-02,vacation,pending,1
L01311,E0210,2026-03-18,2026-03-18,vacation,approved,1
L01312,E0210,2026-04-02,2026-04-02,sick,pending,1
L01313,E0210,2026-04-27,2026-04-27,vacation,approved,1
L01314,E0210,2026-06-04,2026-06-04,vacation,approved,1
L01315,E0210,2026-07-31,2026-07-31,vacation,approved,1
L01316,E0210,2026-08-04,2026-08-04,vacation,approved,1
L01317,E0211,2026-01-12,2026-01-12,vacation,approved,1
L01318,E0211,2026-02-27,2026-02-27,vacation,approved,1
L01319,E0211,2026-06-23,2026-06-23,vacation,approved,1
L01320,E0211,2026-06-26,2026-06-26,sick,approved,1
L01321,E0211,2026-07-16,2026-07-16,vacation,approved,1
L01322,E0211,2026-08-31,2026-08-31,vacation,approved,1
L01323,E0212,2026-01-08,2026-01-08,vacation,approved,1
L01324,E0212,2026-01-09,2026-01-09,sick,pending,1
L01325,E0212,2026-01-21,2026-01-21,sick,approved,1
L01326,E0212,2026-02-10,2026-02-10,vacation,approved,1
L01327,E0212,2026-04-23,2026-04-23,vacation,approved,1
L01328,E0212,2026-06-09,2026-06-09,vacation,approved,1
L01329,E0212,2026-06-26,2026-06-26,vacation,approved,1
L01330,E0212,2026-08-04,2026-08-04,vacation,pending,1
L01331,E0213,2026-01-02,2026-01-02,sick,approved,1
L01332,E0213,2026-02-04,2026-02-04,vacation,approved,1
L01333,E0213,2026-05-12,2026-05-12,vacation,approved,1
L01334,E0213,2026-08-27,2026-08-27,vacation,pending,1
L01335,E0214,2026-03-10,2026-03-10,sick,pending,1
L01336,E0214,2026-04-17,2026-04-17,vacation,approved,1
L01337,E0214,2026-06-24,2026-06-24,vacation,approved,1
L01338,E0215,2026-02-03,2026-02-03,vacation,pending,1
L01339,E0215,2026-02-10,2026-02-10,vacation,approved,1
L01340,E0215,2026-02-27,2026-02-27,sick,approved,1
L01341,E0215,2026-03-17,2026-03-17,vacation,approved,1
L01342,E0215,2026-03-25,2026-03-25,vacation,pending,1
L01343,E0215,2026-06-05,2026-06-05,vacation,approved,1
L01344,E0215,2026-06-11,2026-06-11,vacation,approved,1
L01345,E0215,2026-07-10,2026-07-10,sick,approved,1
L01346,E0215,2026-08-12,2026-08-12,vacation,pending,1
L01347,E0215,2026-08-27,2026-08-27,vacation,approved,1
L01348,E0216,2026-01-19,2026-01-19,vacation,approved,1
L01349,E0216,2026-01-20,2026-01-20,sick,pending,1
L01350,E0216,2026-03-12,2026-03-12,vacation,approved,1
L01351,E0216,2026-04-30,2026-04-30,vacation,approved,1
L01352,E0216,2026-06-18,2026-06-18,vacation,approved,1
L01353,E0216,2026-07-09,2026-07-09,vacation,approved,1
L01354,E0216,2026-08-11,2026-08-11,vacation,approved,1
L01355,E0217,2026-01-08,2026-01-08,vacation,approved,1
L01356,E0217,2026-01-09,2026-01-09,vacation,approved,1
L01357,E0217,2026-03-10,2026-03-10,vacation,approved,1
L01358,E0217,2026-03-26,2026-03-26,sick,approved,1
L01359,E0217,2026-03-30,2026-03-30,vacation,pending,1
L01360,E0217,2026-05-22,2026-05-22,vacation,approved,1
L01361,E0217,2026-06-09,2026-06-09,sick,approved,1
L01362,E0217,2026-07-14,2026-07-14,vacation,approved,1
L01363,E0218,2026-06-19,2026-06-19,sick,approved,1
L01364,E0218,2026-07-09,2026-07-09,vacation,approved,1
L01365,E0218,2026-08-11,2026-08-11,vacation,approved,1
L01366,E0219,2026-03-31,2026-03-31,vacation,approved,1
L01367,E0219,2026-04-28,2026-04-28,vacation,approved,1
L01368,E0219,2026-05-05,2026-05-05,sick,pending,1
L01369,E0220,2026-01-13,2026-01-13,sick,approved,1
L01370,E0220,2026-01-28,2026-01-28,vacation,approved,1
L01371,E0220,2026-02-06,2026-02-06,vacation,approved,1
L01372,E0220,2026-03-20,2026-03-20,vacation,approved,1
L01373,E0220,2026-05-22,2026-05-22,sick,approved,1
L01374,E0220,2026-06-02,2026-06-02,vacation,approved,1
L01375,E0220,2026-07-07,2026-07-07,vacation,approved,1
L01376,E0220,2026-08-17,2026-08-17,vacation,approved,1
L01377,E0221,2026-01-09,2026-01-09,vacation,pending,1
L01378,E0221,2026-02-20,2026-02-20,sick,approved,1
L01379,E0221,2026-03-04,2026-03-04,vacation,approved,1
L01380,E0221,2026-04-24,2026-04-24,vacation,approved,1
L01381,E0221,2026-05-15,2026-05-15,vacation,approved,1
L01382,E0221,2026-06-23,2026-06-23,vacation,approved,1
L01383,E0221,2026-07-27,2026-07-27,sick,approved,1
L01384,E0221,2026-08-13,2026-08-13,vacation,approved,1
L01385,E0221,2026-08-31,2026-08-31,vacation,pending,1
L01386,E0222,2026-01-26,2026-01-26,vacation,approved,1
L01387,E0222,2026-03-06,2026-03-06,sick,approved,1
L01388,E0222,2026-05-15,2026-05-15,vacation,pending,1
L01389,E0223,2026-01-09,2026-01-09,vacation,approved,1
L01390,E0223,2026-02-17,2026-02-17,vacation,approved,1
L01391,E0223,2026-06-11,2026-06-11,sick,approved,1
L01392,E0224,2026-01-15,2026-01-15,sick,approved,1
L01393,E0224,2026-01-30,2026-01-30,vacation,approved,1
L01394,E0224,2026-04-10,2026-04-10,vacation,approved,1
L01395,E0224,2026-04-22,2026-04-22,vacation,approved,1
L01396,E0224,2026-05-27,2026-05-27,vacation,pending,1
L01397,E0224,2026-06-23,2026-06-23,vacation,approved,1
L01398,E0224,2026-07-13,2026-07-13,sick,approved,1
L01399,E0224,2026-07-14,2026-07-14,vacation,approved,1
L01400,E0224,2026-08-03,2026-08-03,vacation,approved,1
L01401,E0224,2026-08-24,2026-08-24,vacation,approved,1
L01402,E0225,2026-02-27,2026-02-27,vacation,approved,1
L01403,E0225,2026-03-03,2026-03-03,vacation,approved,1
L01404,E0225,2026-03-26,2026-03-26,vacation,pending,1
L01405,E0225,2026-08-28,2026-08-28,sick,approved,1
L01406,E0226,2026-01-27,2026-01-27,vacation,approved,1
L01407,E0226,2026-01-30,2026-01-30,vacation,approved,1
L01408,E0226,2026-02-03,2026-02-03,vacation,pending,1
L01409,E0226,2026-03-13,2026-03-13,vacation,approved,1
L01410,E0226,2026-03-31,2026-03-31,sick,approved,1
L01411,E0227,2026-02-23,2026-02-23,sick,approved,1
L01412,E0227,2026-05-04,2026-05-04,vacation,approved,1
L01413,E0227,2026-06-29,2026-06-29,vacation,approved,1
L01414,E0227,2026-07-06,2026-07-06,vacation,approved,1
L01415,E0228,2026-02-02,2026-02-02,vacation,approved,1
L01416,E0228,2026-03-12,2026-03-12,vacation,approved,1
L01417,E0228,2026-03-26,2026-03-26,sick,approved,1
L01418,E0228,2026-07-10,2026-07-10,vacation,approved,1
L01419,E0229,2026-03-10,2026-03-10,sick,approved,1
L01420,E0229,2026-03-25,2026-03-25,vacation,approved,1
L01421,E0229,2026-04-15,2026-04-15,vacation,approved,1
L01422,E0229,2026-04-23,2026-04-23,vacation,approved,1
L01423,E0229,2026-06-26,2026-06-26,vacation,approved,1
L01424,E0229,2026-07-16,2026-07-16,sick,approved,1
L01425,E0229,2026-08-10,2026-08-10,vacation,approved,1
L01426,E0229,2026-08-26,2026-08-26,vacation,pending,1
L01427,E0230,2026-04-20,2026-04-20,sick,approved,1
L01428,E0230,2026-04-24,2026-04-24,vacation,approved,1
L01429,E0230,2026-06-04,2026-06-04,vacation,approved,1
L01430,E0230,2026-07-23,2026-07-23,vacation,approved,1
L01431,E0230,2026-08-20,2026-08-20,vacation,approved,1
L01432,E0231,2026-01-23,2026-01-23,sick,pending,1
L01433,E0231,2026-02-10,2026-02-10,vacation,approved,1
L01434,E0231,2026-03-05,2026-03-05,vacation,approved,1
L01435,E0231,2026-03-12,2026-03-12,sick,approved,1
L01436,E0231,2026-03-31,2026-03-31,vacation,approved,1
L01437,E0231,2026-06-04,2026-06-04,vacation,pending,1
L01438,E0231,2026-06-05,2026-06-05,vacation,pending,1
L01439,E0231,2026-07-29,2026-07-29,vacation,approved,1
L01440,E0232,2026-02-24,2026-02-24,vacation,approved,1
L01441,E0232,2026-03-09,2026-03-09,vacation,approved,1
L01442,E0232,2026-03-18,2026-03-18,vacation,approved,1
L01443,E0232,2026-06-16,2026-06-16,sick,approved,1
L01444,E0232,2026-07-08,2026-07-08,vacation,approved,1
L01445,E0232,2026-07-16,2026-07-16,vacation,pending,1
L01446,E0233,2026-02-24,2026-02-24,sick,approved,1
L01447,E0233,2026-04-29,2026-04-29,vacation,approved,1
L01448,E0233,2026-07-08,2026-07-08,vacation,approved,1
L01449,E0233,2026-07-31,2026-07-31,vacation,approved,1
L01450,E0233,2026-08-20,2026-08-20,vacation,approved,1
L01451,E0234,2026-01-30,2026-01-30,vacation,approved,1
L01452,E0234,2026-03-20,2026-03-20,vacation,approved,1
L01453,E0234,2026-03-31,2026-03-31,vacation,approved,1
L01454,E0234,2026-04-08,2026-04-08,sick,pending,1
L01455,E0234,2026-05-29,2026-05-29,vacation,pending,1
L01456,E0234,2026-06-25,2026-06-25,vacation,approved,1
L01457,E0235,2026-03-13,2026-03-13,vacation,approved,1
L01458,E0235,2026-05-05,2026-05-05,sick,approved,1
L01459,E0235,2026-06-23,2026-06-23,vacation,approved,1
L01460,E0236,2026-01-12,2026-01-12,vacation,approved,1
L01461,E0236,2026-03-23,2026-03-23,vacation,pending,1
L01462,E0236,2026-03-27,2026-03-27,vacation,approved,1
L01463,E0236,2026-06-16,2026-06-16,sick,approved,1
L01464,E0237,2026-01-19,2026-01-19,vacation,approved,1
L01465,E0237,2026-03-12,2026-03-12,vacation,approved,1
L01466,E0237,2026-05-20,2026-05-20,sick,approved,1
L01467,E0238,2026-01-07,2026-01-07,vacation,approved,1
L01468,E0238,2026-02-17,2026-02-17,sick,approved,1
L01469,E0238,2026-03-09,2026-03-09,vacation,approved,1
L01470,E0238,2026-04-14,2026-04-14,vacation,pending,1
L01471,E0238,2026-04-20,2026-04-20,vacation,approved,1
L01472,E0238,2026-04-24,2026-04-24,vacation,approved,1
L01473,E0238,2026-04-30,2026-04-30,vacation,approved,1
L01474,E0238,2026-07-03,2026-07-03,sick,approved,1
L01475,E0239,2026-03-11,2026-03-11,vacation,approved,1
L01476,E0239,2026-03-16,2026-03-16,sick,approved,1
L01477,E0239,2026-05-08,2026-05-08,sick,approved,1
L01478,E0239,2026-06-05,2026-06-05,vacation,approved,1
L01479,E0239,2026-06-12,2026-06-12,vacation,approved,1
L01480,E0239,2026-07-20,2026-07-20,vacation,approved,1
L01481,E0239,2026-08-10,2026-08-10,vacation,approved,1
L01482,E0239,2026-08-14,2026-08-14,vacation,approved,1
L01483,E0239,2026-08-28,2026-08-28,vacation,approved,1
L01484,E0240,2026-01-15,2026-01-15,vacation,approved,1
L01485,E0240,2026-01-20,2026-01-20,sick,approved,1
L01486,E0240,2026-03-04,2026-03-04,vacation,approved,1
L01487,E0240,2026-03-30,2026-03-30,vacation,approved,1
L01488,E0240,2026-05-11,2026-05-11,vacation,approved,1
L01489,E0240,2026-07-10,2026-07-10,vacation,approved,1
L01490,E0240,2026-08-10,2026-08-10,sick,approved,1
L01491,E0240,2026-08-19,2026-08-19,vacation,approved,1
L01492,E0241,2026-02-20,2026-02-20,vacation,approved,1
L01493,E0241,2026-06-25,2026-06-25,vacation,approved,1
L01494,E0241,2026-07-28,2026-07-28,sick,pending,1
L01495,E0241,2026-08-25,2026-08-25,vacation,approved,1
L01496,E0242,2026-01-15,2026-01-15,vacation,approved,1
L01497,E0242,2026-01-28,2026-01-28,sick,approved,1
L01498,E0242,2026-02-23,2026-02-23,vacation,approved,1
L01499,E0242,2026-02-25,2026-02-25,vacation,approved,1
L01500,E0242,2026-04-10,2026-04-10,vacation,approved,1
L01501,E0242,2026-05-22,2026-05-22,vacation,approved,1
L01502,E0242,2026-06-24,2026-06-24,vacation,approved,1
L01503,E0242,2026-07-14,2026-07-14,vacation,approved,1
L01504,E0242,2026-08-03,2026-08-03,vacation,approved,1
L01505,E0242,2026-08-10,2026-08-10,sick,pending,1
L01506,E0243,2026-01-13,2026-01-13,vacation,approved,1
L01507,E0243,2026-03-26,2026-03-26,vacation,approved,1
L01508,E0243,2026-05-28,2026-05-28,sick,approved,1
L01509,E0243,2026-06-25,2026-06-25,vacation,approved,1
L01510,E0244,2026-02-20,2026-02-20,vacation,approved,1
L01511,E0244,2026-04-07,2026-04-07,sick,approved,1
L01512,E0244,2026-05-19,2026-05-19,vacation,approved,1
L01513,E0244,2026-07-28,2026-07-28,vacation,approved,1
L01514,E0244,2026-08-20,2026-08-20,vacation,pending,1
L01515,E0245,2026-01-02,2026-01-02,vacation,approved,1
L01516,E0245,2026-01-05,2026-01-05,vacation,approved,1
L01517,E0245,2026-01-21,2026-01-21,vacation,approved,1
L01518,E0245,2026-02-04,2026-02-04,vacation,approved,1
L01519,E0245,2026-03-23,2026-03-23,vacation,approved,1
L01520,E0245,2026-03-24,2026-03-24,vacation,approved,1
L01521,E0245,2026-07-07,2026-07-07,vacation,approved,1
L01522,E0245,2026-07-15,2026-07-15,sick,approved,1
L01523,E0245,2026-07-22,2026-07-22,sick,approved,1
L01524,E0246,2026-01-05,2026-01-05,vacation,approved,1
L01525,E0246,2026-02-09,2026-02-09,sick,approved,1
L01526,E0246,2026-04-22,2026-04-22,vacation,approved,1
L01527,E0246,2026-06-23,2026-06-23,vacation,approved,1
L01528,E0246,2026-07-16,2026-07-16,vacation,approved,1
L01529,E0246,2026-08-13,2026-08-13,vacation,approved,1
L01530,E0247,2026-01-07,2026-01-07,vacation,approved,1
L01531,E0247,2026-02-26,2026-02-26,vacation,approved,1
L01532,E0247,2026-04-17,2026-04-17,vacation,approved,1
L01533,E0247,2026-05-19,2026-05-19,vacation,approved,1
L01534,E0247,2026-07-10,2026-07-10,sick,approved,1
L01535,E0247,2026-07-31,2026-07-31,vacation,approved,1
L01536,E0248,2026-01-12,2026-01-12,vacation,approved,1
L01537,E0248,2026-02-23,2026-02-23,vacation,approved,1
L01538,E0248,2026-02-25,2026-02-25,vacation,approved,1
L01539,E0248,2026-04-09,2026-04-09,vacation,approved,1
L01540,E0248,2026-06-29,2026-06-29,sick,pending,1
L01541,E0249,2026-01-06,2026-01-06,vacation,approved,1
L01542,E0249,2026-01-28,2026-01-28,vacation,approved,1
L01543,E0249,2026-02-17,2026-02-17,vacation,approved,1
L01544,E0249,2026-04-09,2026-04-09,sick,approved,1
L01545,E0249,2026-04-15,2026-04-15,vacation,approved,1
L01546,E0249,2026-04-16,2026-04-16,vacation,approved,1
L01547,E0249,2026-05-13,2026-05-13,vacation,pending,1
L01548,E0250,2026-06-03,2026-06-03,sick,approved,1
L01549,E0250,2026-07-17,2026-07-17,vacation,approved,1
L01550,E0250,2026-08-24,2026-08-24,vacation,approved,1
